symbol,年份,年度收益%
SH.600176,2016,7.654540019840406
SH.600176,2017,188.77654189825753
SH.600176,2018,-34.97900483181664
SH.600176,2019,21.284830849263734
SH.600176,2020,110.72981328641633
SH.600176,2021,6.066811427376639
SH.600309,2016,-99.23699188576461
SH.600309,2017,638.3510167505573
SH.600309,2018,-35.80711073249824
SH.600309,2019,198.9505617740861
SH.600309,2020,79.64236030573237
SH.600309,2021,13.87349819734791
SH.600989,2019,-16.31698526323222
SH.600989,2020,36.02357252928079
SH.600989,2021,63.94588810721793
SH.600160,2016,-2.651326963877232
SH.600160,2017,3.5487767028338224
SH.600160,2018,-21.52440879869323
SH.600160,2019,15.03299271432208
SH.600160,2020,15.425515850992277
SH.600160,2021,69.00423263487781
SH.600019,2016,37.21442627792888
SH.600019,2017,80.57602049536099
SH.600019,2018,-30.179604986453647
SH.600019,2019,-6.6565685699620625
SH.600019,2020,13.445492448833885
SH.600019,2021,45.01966341569415
SH.600585,2016,49.3581445341928
SH.600585,2017,349.05812162983557
SH.600585,2018,7.0057968013293115
SH.600585,2019,153.44318883593778
SH.600585,2020,-2.6347194149467845
SH.600585,2021,-21.08070892792596
SZ.002648,2016,72.2733852247786
SZ.002648,2017,57.24103253460788
SZ.002648,2018,-55.57272135809317
SZ.002648,2019,123.51124591541787
SZ.002648,2020,81.22848544697156
SZ.002648,2021,135.4821963188098
SH.601636,2016,79.68150265310673
SH.601636,2017,236.7943914879361
SH.601636,2018,-59.953646142224585
SH.601636,2019,139.02566298993736
SH.601636,2020,222.55384707235996
SH.601636,2021,42.21026781159429
SH.600596,2016,64.59654057611242
SH.600596,2017,-13.439190415949831
SH.600596,2018,27.66712578875201
SH.600596,2019,-4.137052674666397
SH.600596,2020,15.974114964380725
SH.600596,2021,164.31575081745194
SH.603733,2018,19.395730801774235
SH.603733,2019,-8.023956497191476
SH.603733,2020,92.76429074110435
SH.603733,2021,69.57005213269187
SZ.300750,2018,985.0090392714344
SZ.300750,2019,90.17615421949459
SZ.300750,2020,354.4271079685553
SZ.300750,2021,75.47944103844652
SZ.002594,2016,-25.175469249128323
SZ.002594,2017,38.318643893892634
SZ.002594,2018,-24.829100867266995
SZ.002594,2019,-7.3800343058632585
SZ.002594,2020,374.2476869736205
SZ.002594,2021,39.91145932124069
SZ.300274,2016,-26.980559631236222
SZ.300274,2017,162.3965946798057
SZ.300274,2018,-99.7276228888692
SZ.300274,2019,46.553912401178565
SZ.300274,2020,1172.3153042994604
SZ.300274,2021,109.7169689746731
SZ.300124,2016,15.600546093156687
SZ.300124,2017,53.42997517021566
SZ.300124,2018,-33.425025519884585
SZ.300124,2019,62.63944913710724
SZ.300124,2020,225.8999571756986
SZ.300124,2021,11.004265410002102
SH.600406,2016,33.365925555660006
SH.600406,2017,16.74314682355771
SH.600406,2018,4.524461382197553
SH.600406,2019,21.081152593192254
SH.600406,2020,32.88879915737937
SH.600406,2021,95.45781439925427
SH.600031,2016,29.313075921895006
SH.600031,2017,95.866127304762
SH.600031,2018,-9.307511083354314
SH.600031,2019,161.35210446909153
SH.600031,2020,126.29742633459684
SH.600031,2021,-35.1594820632564
SZ.002028,2016,25.922021734189737
SZ.002028,2017,24.808935365549488
SZ.002028,2018,-42.15273199291805
SZ.002028,2019,49.530032743152816
SZ.002028,2020,52.757279849316504
SZ.002028,2021,158.93256501252432
SH.601126,2016,-7.036583374539173
SH.601126,2017,-35.25216954904692
SH.601126,2018,-99.556950928701
SH.601126,2019,104.75650031859854
SH.601126,2020,130.11989147288173
SH.601126,2021,527.1165101490855
SZ.300776,2019,182.62533589986893
SZ.300776,2020,64.9383385638024
SZ.300776,2021,72.6865593387681
SZ.002747,2016,25.633351452838184
SZ.002747,2017,2.968634033707862
SZ.002747,2018,-23.53586638052667
SZ.002747,2019,34.2369769899854
SZ.002747,2020,167.24121473969805
SZ.002747,2021,-12.953694038192031
SH.600519,2016,-64.5230244899057
SH.600519,2017,524.5555681896764
SH.600519,2018,-21.892513803833413
SH.600519,2019,176.42779599512224
SH.600519,2020,87.34349597597526
SH.600519,2021,4.025662466948421
SZ.000333,2016,275.4952808200601
SZ.000333,2017,274.1488834712991
SZ.000333,2018,-45.031786496355984
SZ.000333,2019,107.03008497965473
SZ.000333,2020,95.22715997503643
SZ.000333,2021,-26.852377111009663
SZ.000858,2016,-99.89725858162029
SZ.000858,2017,772.751768495543
SZ.000858,2018,-52.954707624971434
SZ.000858,2019,340.5771118439971
SZ.000858,2020,148.50442796831965
SZ.000858,2021,-24.715600911245605
SZ.000651,2016,169.6638511436087
SZ.000651,2017,496.2974160117846
SZ.000651,2018,-31.962999823250684
SZ.000651,2019,187.517280424425
SZ.000651,2020,-3.005879322752758
SZ.000651,2021,-45.99007415447919
SH.603288,2016,3.7564135830014944
SH.603288,2017,141.09316626218433
SH.603288,2018,36.97500078592866
SH.603288,2019,67.38540793660717
SH.603288,2020,136.2700783382697
SH.603288,2021,-32.45019599853309
SH.600887,2016,49.925381828271554
SH.600887,2017,167.5500700864478
SH.600887,2018,-35.47966323622587
SH.600887,2019,56.07412769420459
SH.600887,2020,58.24643693380733
SH.600887,2021,-5.368266462142279
SH.600809,2016,-99.88861821418298
SH.600809,2017,25.12008258669256
SH.600809,2018,-65.10168092255196
SH.600809,2019,485.3867210998587
SH.600809,2020,428.6475060802439
SH.600809,2021,18.956622058555617
SZ.002847,2017,627.7259897923913
SZ.002847,2018,-29.63991777696563
SZ.002847,2019,136.62768552923725
SZ.002847,2020,290.77238166260145
SZ.002847,2021,-23.592387681773776
SZ.002507,2016,45.3081659224345
SZ.002507,2017,140.69555223943362
SZ.002507,2018,36.82618395938715
SZ.002507,2019,29.177813083268923
SZ.002507,2020,66.29465806405122
SZ.002507,2021,-10.525349117343275
SH.600258,2016,20.637340751102574
SH.600258,2017,44.11723979660693
SH.600258,2018,-29.858604751646222
SH.600258,2019,31.36382870873833
SH.600258,2020,3.3771815012878292
SH.600258,2021,23.800049913701148
SH.603259,2018,520.5014711771133
SH.603259,2019,86.12546509093593
SH.603259,2020,114.76148904747943
SH.603259,2021,6.121815447900758
SH.600276,2016,19.184664095591675
SH.600276,2017,90.08757207340554
SH.600276,2018,-0.3960849431763558
SH.600276,2019,104.21270373355202
SH.600276,2020,54.094597356355514
SH.600276,2021,-45.771937461841425
SZ.300760,2018,98.42407941540839
SZ.300760,2019,93.91584689434673
SZ.300760,2020,161.5170851250626
SZ.300760,2021,-10.711828806223345
SZ.002001,2016,-10.156370362512558
SZ.002001,2017,265.4349454451007
SZ.002001,2018,-45.086677069350635
SZ.002001,2019,105.43470645412913
SZ.002001,2020,62.582508391495836
SZ.002001,2021,15.488347407278047
SZ.000538,2016,46.532891291943244
SZ.000538,2017,51.5028675111115
SZ.000538,2018,-33.91899041581091
SZ.000538,2019,33.989533958917974
SZ.000538,2020,39.45418527449949
SZ.000538,2021,-5.261074819529155
SH.603127,2017,350.71260411069017
SH.603127,2018,23.66111016489483
SH.603127,2019,78.93550062166253
SH.603127,2020,159.5826138401014
SH.603127,2021,58.21000765348081
SZ.300573,2017,-50.86878378534436
SZ.300573,2018,-76.27902027770992
SZ.300573,2019,623.671758853699
SZ.300573,2020,37.92262642355375
SZ.300573,2021,52.62980656944889
SZ.300529,2016,445.5352580135503
SZ.300529,2017,-38.84227129039133
SZ.300529,2018,42.182934119363935
SZ.300529,2019,92.22727446566563
SZ.300529,2020,89.93692057295937
SZ.300529,2021,-21.53281013895275
SH.601138,2018,-20.601876907952366
SH.601138,2019,80.89296099254861
SH.601138,2020,-28.789393599952252
SH.601138,2021,-14.001152748648394
SZ.300308,2016,164.2476436943069
SZ.300308,2017,188.29347813565275
SZ.300308,2018,-33.4102341514912
SZ.300308,2019,91.67395437123373
SZ.300308,2020,-2.406812443634132
SZ.300308,2021,-17.429488478661202
SH.688981,2020,-30.38616321531049
SH.688981,2021,-8.268156961558281
SH.688256,2020,-31.112632730966972
SH.688256,2021,-35.56819791565026
SZ.300502,2016,51.07152428581219
SZ.300502,2017,-28.103473663298484
SZ.300502,2018,-35.4541351893723
SZ.300502,2019,122.56708515167918
SZ.300502,2020,100.69829047265743
SZ.300502,2021,-0.6377544790660106
SZ.002371,2016,19.581331222325304
SZ.002371,2017,62.32823835939227
SZ.002371,2018,-9.380177555303149
SZ.002371,2019,143.64081338871074
SZ.002371,2020,108.75537354652565
SZ.002371,2021,93.43564496336141
SZ.002475,2016,13.357684404923308
SZ.002475,2017,85.99344086415341
SZ.002475,2018,-24.433500333032576
SZ.002475,2019,275.14537131586354
SZ.002475,2020,104.25133511788233
SZ.002475,2021,-12.349087648573187
SH.603083,2017,248.0481574664535
SH.603083,2018,-33.43318168259965
SH.603083,2019,54.554550759496244
SH.603083,2020,-35.950715878281244
SH.603083,2021,-7.649901651173252
SH.600150,2016,22.328001580653513
SH.600150,2017,-10.890361901704026
SH.600150,2018,-48.022799687182825
SH.600150,2019,70.05123406483528
SH.600150,2020,-19.21443605635157
SH.600150,2021,41.38330852739607
SZ.302132,2016,7.568557836956713
SZ.302132,2017,-34.40705689020908
SZ.302132,2018,-32.96722414591087
SZ.302132,2019,68.9095371570506
SZ.302132,2020,34.18358903977452
SZ.302132,2021,19.46515612236197
SH.600760,2016,151.53240714707167
SH.600760,2017,101.37404837131791
SH.600760,2018,-23.114807981510577
SH.600760,2019,16.36567830599638
SH.600760,2020,168.68813268358994
SH.600760,2021,23.372241229557677
SH.600893,2016,-10.00361969594633
SH.600893,2017,-18.0530444862936
SH.600893,2018,-19.594298831904
SH.600893,2019,0.4857893086474663
SH.600893,2020,181.3237681035531
SH.600893,2021,7.185899661437123
SH.600118,2016,-2.953400516970739
SH.600118,2017,-19.270059530084293
SH.600118,2018,-31.668281113475604
SH.600118,2019,24.728723974685284
SH.600118,2020,52.010236211337045
SH.600118,2021,-15.440684448961917
SH.600482,2016,-9.638377801223042
SH.600482,2017,-18.666794194914704
SH.600482,2018,-9.720459013657779
SH.600482,2019,-10.533561237211309
SH.600482,2020,-10.693174837232021
SH.600482,2021,10.717983832631162
SZ.002625,2016,-21.78419135817986
SZ.002625,2017,-25.50810890950951
SZ.002625,2018,-40.99686020262264
SZ.002625,2019,-7.8398797462819525
SZ.002625,2020,149.23268601132696
SZ.002625,2021,8.06515629188771
SZ.000768,2016,23.658212829879076
SZ.000768,2017,-21.15010762311038
SZ.000768,2018,-22.147729210272693
SZ.000768,2019,25.897910301852534
SZ.000768,2020,129.32441200225838
SZ.000768,2021,-0.18846216499838198
SH.600372,2016,-2.2091233126382726
SH.600372,2017,-27.154513639796097
SH.600372,2018,-5.001475624741925
SH.600372,2019,10.612713471409752
SH.600372,2020,40.164308251537385
SH.600372,2021,14.834678317526206
SZ.300775,2019,544.7027579979651
SZ.300775,2020,18.85891916214706
SZ.300775,2021,24.60516327375155
SZ.300033,2016,-13.602181199801489
SZ.300033,2017,-35.99963896795087
SZ.300033,2018,-34.17113752625834
SZ.300033,2019,340.19484719706963
SZ.300033,2020,16.9865350838206
SZ.300033,2021,20.31529157470251
SZ.300442,2016,6.634913750350502
SZ.300442,2017,-54.80995024252773
SZ.300442,2018,-49.36438178192949
SZ.300442,2019,27.88742816824188
SZ.300442,2020,183.4367446971267
SZ.300442,2021,19.957998821051603
SZ.002602,2016,111.281982894789
SZ.002602,2017,-27.549331000599242
SZ.002602,2018,-2.509862685614861
SZ.002602,2019,-10.888598829055486
SZ.002602,2020,-25.39400647274238
SZ.002602,2021,18.03320003489881
SZ.002230,2016,-2.754803694009189
SZ.002230,2017,125.098318305879
SZ.002230,2018,-38.23064368737551
SZ.002230,2019,41.68005081819777
SZ.002230,2020,19.192383790926048
SZ.002230,2021,29.473388677532085
SH.688111,2019,30.71838062930543
SH.688111,2020,154.69196908892258
SH.688111,2021,-35.721856761797966
SZ.002027,2016,-15.956878637394434
SZ.002027,2017,55.32540504018036
SZ.002027,2018,-65.41938635645519
SZ.002027,2019,33.02226604157219
SZ.002027,2020,81.64949716723109
SZ.002027,2021,-16.6147683121724
SH.601360,2016,-2.3806369915612247
SH.601360,2017,306.38641234615403
SH.601360,2018,-56.265136297628324
SH.601360,2019,15.979728213596346
SH.601360,2020,-33.57494040346942
SH.601360,2021,-19.506578202481585
SH.603613,2019,482.08213012338126
SH.603613,2020,150.64297758170818
SH.603613,2021,22.08402172116244
SZ.300773,2019,169.3566259934447
SZ.300773,2020,-23.07017702384958
SZ.300773,2021,0.37643730763134986
SH.601857,2016,11.814606693364826
SH.601857,2017,4.317184444602251
SH.601857,2018,-12.716490582945084
SH.601857,2019,-24.094529599435212
SH.601857,2020,-40.16913559652995
SH.601857,2021,42.9826959343822
SH.601088,2016,-88.33614772118348
SH.601088,2017,763.3785595753313
SH.601088,2018,-55.696327437230075
SH.601088,2019,34.19106001985013
SH.601088,2020,22.194615496604598
SH.601088,2021,112.65587067619572
SH.601899,2016,13.223676334469946
SH.601899,2017,80.91327556056636
SH.601899,2018,-39.60265140835505
SH.601899,2019,76.29036359705952
SH.601899,2020,153.889537444481
SH.601899,2021,6.703890651707312
SH.603993,2016,16.849920374729855
SH.603993,2017,124.48820774803858
SH.603993,2018,-52.664122410434885
SH.603993,2019,26.02153141495185
SH.603993,2020,56.1963079471318
SH.603993,2021,-11.97110463458766
SH.601225,2016,-55.49545355648592
SH.601225,2017,-99.99355545635872
SH.601225,2018,-99.99985131470345
SH.601225,2019,1969.2846013557817
SH.601225,2020,-95.93503266216184
SH.601225,2021,158.33375532556596
SH.600111,2016,-9.024257954810865
SH.600111,2017,20.486357209643778
SH.600111,2018,-42.20195145636985
SH.600111,2019,26.762311607086776
SH.600111,2020,22.434060251263467
SH.600111,2021,266.35799702167566
SH.601918,2016,-22.386450844864147
SH.601918,2017,-20.386118606976044
SH.601918,2018,-26.506927034596284
SH.601918,2019,9.908003864138326
SH.601918,2020,-3.384053434565082
SH.601918,2021,56.24847320958419
SH.601069,2016,-2.8607348636684793
SH.601069,2017,-29.14245603018426
SH.601069,2018,-6.328120512759505
SH.601069,2019,1.6427337072731252
SH.601069,2020,-10.675242696676335
SH.601069,2021,-8.725384267745007
