代码,名称,公司类型,指数归属,symbol,min,max,count,has_data
600176.SH,中国巨石,周期品公司,沪深300,SH.600176,2021-01-04,2026-06-24,1316,True
600309.SH,万华化学,周期品公司,沪深300,SH.600309,2021-01-04,2026-06-24,1316,True
600989.SH,宝丰能源,周期品公司,沪深300,SH.600989,2021-01-04,2026-06-24,1316,True
600160.SH,巨化股份,周期品公司,沪深300,SH.600160,2021-01-04,2026-06-24,1316,True
600019.SH,宝钢股份,周期品公司,沪深300,SH.600019,2021-01-04,2026-06-24,1316,True
600585.SH,海螺水泥,周期品公司,沪深300,SH.600585,2021-01-04,2026-06-24,1316,True
002648.SZ,卫星化学,周期品公司,沪深300,SZ.002648,2021-01-04,2026-06-24,1316,True
601636.SH,旗滨集团,周期品公司,中证1000,SH.601636,2021-01-04,2026-06-24,1316,True
600596.SH,新安股份,周期品公司,中证1000,SH.600596,2021-01-04,2026-06-24,1316,True
603733.SH,仙鹤股份,周期品公司,中证1000,SH.603733,2021-01-04,2026-06-24,1316,True
300750.SZ,宁德时代,制造业公司,沪深300,SZ.300750,2021-01-04,2026-06-24,1316,True
002594.SZ,比亚迪,制造业公司,沪深300,SZ.002594,2021-01-04,2026-06-24,1316,True
300274.SZ,阳光电源,制造业公司,沪深300,SZ.300274,2021-01-04,2026-06-24,1316,True
300124.SZ,汇川技术,制造业公司,沪深300,SZ.300124,2021-01-04,2026-06-24,1316,True
600406.SH,国电南瑞,制造业公司,沪深300,SH.600406,2021-01-04,2026-06-24,1316,True
600031.SH,三一重工,制造业公司,沪深300,SH.600031,2021-01-04,2026-06-24,1316,True
002028.SZ,思源电气,制造业公司,沪深300,SZ.002028,2021-01-04,2026-06-24,1316,True
601126.SH,四方股份,制造业公司,中证1000,SH.601126,2021-01-04,2026-06-24,1316,True
300776.SZ,帝尔激光,制造业公司,中证1000,SZ.300776,2021-01-04,2026-06-24,1316,True
002747.SZ,埃斯顿,制造业公司,中证1000,SZ.002747,2021-01-04,2026-06-24,1316,True
600519.SH,贵州茅台,消费品公司,沪深300,SH.600519,2021-01-04,2026-06-24,1316,True
000333.SZ,美的集团,消费品公司,沪深300,SZ.000333,2021-01-04,2026-06-24,1316,True
000858.SZ,五粮液,消费品公司,沪深300,SZ.000858,2021-01-04,2026-06-24,1316,True
000651.SZ,格力电器,消费品公司,沪深300,SZ.000651,2021-01-04,2026-06-24,1316,True
603288.SH,海天味业,消费品公司,沪深300,SH.603288,2021-01-04,2026-06-24,1316,True
600887.SH,伊利股份,消费品公司,沪深300,SH.600887,2021-01-04,2026-06-24,1316,True
600809.SH,山西汾酒,消费品公司,沪深300,SH.600809,2021-01-04,2026-06-24,1316,True
002847.SZ,盐津铺子,消费品公司,中证1000,SZ.002847,2021-01-04,2026-06-24,1316,True
002507.SZ,涪陵榨菜,消费品公司,中证1000,SZ.002507,2021-01-04,2026-06-24,1316,True
600258.SH,首旅酒店,消费品公司,中证1000,SH.600258,2021-01-04,2026-06-24,1316,True
603259.SH,药明康德,医药公司,沪深300,SH.603259,2021-01-04,2026-06-24,1316,True
600276.SH,恒瑞医药,医药公司,沪深300,SH.600276,2021-01-04,2026-06-24,1316,True
300760.SZ,迈瑞医疗,医药公司,沪深300,SZ.300760,2021-01-04,2026-06-24,1316,True
688506.SH,百利天恒,医药公司,沪深300,SH.688506,2023-01-06,2026-06-24,828,True
002001.SZ,新和成,医药公司,沪深300,SZ.002001,2021-01-04,2026-06-24,1316,True
000538.SZ,云南白药,医药公司,沪深300,SZ.000538,2021-01-04,2026-06-24,1316,True
688271.SH,联影医疗,医药公司,沪深300,SH.688271,2022-08-22,2026-06-24,920,True
603127.SH,昭衍新药,医药公司,中证1000,SH.603127,2021-01-04,2026-06-24,1316,True
300573.SZ,兴齐眼药,医药公司,中证1000,SZ.300573,2021-01-04,2026-06-24,1316,True
300529.SZ,健帆生物,医药公司,中证1000,SZ.300529,2021-01-04,2026-06-24,1316,True
601138.SH,工业富联,科技硬件公司,沪深300,SH.601138,2021-01-04,2026-06-24,1316,True
300308.SZ,中际旭创,科技硬件公司,沪深300,SZ.300308,2021-01-04,2026-06-24,1316,True
688981.SH,中芯国际,科技硬件公司,沪深300,SH.688981,2021-01-04,2026-06-24,1310,True
688256.SH,寒武纪,科技硬件公司,沪深300,SH.688256,2021-01-04,2026-06-24,1316,True
300502.SZ,新易盛,科技硬件公司,沪深300,SZ.300502,2021-01-04,2026-06-24,1316,True
002371.SZ,北方华创,科技硬件公司,沪深300,SZ.002371,2021-01-04,2026-06-24,1316,True
002475.SZ,立讯精密,科技硬件公司,沪深300,SZ.002475,2021-01-04,2026-06-24,1316,True
603083.SH,剑桥科技,科技硬件公司,中证1000,SH.603083,2021-01-04,2026-06-24,1316,True
688409.SH,富创精密,科技硬件公司,中证1000,SH.688409,2022-10-10,2026-06-24,891,True
301205.SZ,联特科技,科技硬件公司,中证1000,SZ.301205,2022-09-13,2026-06-24,905,True
600150.SH,中国船舶,军工公司,沪深300,SH.600150,2021-01-04,2026-06-24,1302,True
302132.SZ,中航成飞,军工公司,沪深300,SZ.302132,2021-01-04,2026-06-24,1306,True
600760.SH,中航沈飞,军工公司,沪深300,SH.600760,2021-01-04,2026-06-24,1316,True
600893.SH,航发动力,军工公司,沪深300,SH.600893,2021-01-04,2026-06-24,1316,True
600118.SH,中国卫星,军工公司,沪深300,SH.600118,2021-01-04,2026-06-24,1316,True
600482.SH,中国动力,军工公司,沪深300,SH.600482,2021-01-04,2026-06-24,1306,True
002625.SZ,光启技术,军工公司,沪深300,SZ.002625,2021-01-04,2026-06-24,1316,True
000768.SZ,中航西飞,军工公司,沪深300,SZ.000768,2021-01-04,2026-06-24,1316,True
600372.SH,中航机载,军工公司,沪深300,SH.600372,2021-01-04,2026-06-24,1298,True
300775.SZ,三角防务,军工公司,中证1000,SZ.300775,2021-01-04,2026-06-24,1316,True
300033.SZ,同花顺,平台型公司,沪深300,SZ.300033,2021-01-04,2026-06-24,1316,True
300442.SZ,润泽科技,平台型公司,沪深300,SZ.300442,2021-01-04,2026-06-24,1310,True
002602.SZ,世纪华通,平台型公司,沪深300,SZ.002602,2021-01-04,2026-06-24,1314,True
002230.SZ,科大讯飞,平台型公司,沪深300,SZ.002230,2021-01-04,2026-06-24,1316,True
688111.SH,金山办公,平台型公司,沪深300,SH.688111,2021-01-04,2026-06-24,1316,True
002027.SZ,分众传媒,平台型公司,沪深300,SZ.002027,2021-01-04,2026-06-24,1316,True
601360.SH,三六零,平台型公司,沪深300,SH.601360,2021-01-04,2026-06-24,1316,True
603613.SH,国联股份,平台型公司,中证1000,SH.603613,2021-01-04,2026-06-24,1316,True
301171.SZ,易点天下,平台型公司,中证1000,SZ.301171,2022-08-19,2026-06-24,918,True
300773.SZ,拉卡拉,平台型公司,中证1000,SZ.300773,2021-01-04,2026-06-24,1316,True
601857.SH,中国石油,资源品公司,沪深300,SH.601857,2021-01-04,2026-06-24,1316,True
600938.SH,中国海油,资源品公司,沪深300,SH.600938,2022-04-21,2026-06-24,1003,True
601088.SH,中国神华,资源品公司,沪深300,SH.601088,2021-01-04,2026-06-24,1306,True
601899.SH,紫金矿业,资源品公司,沪深300,SH.601899,2021-01-04,2026-06-24,1316,True
603993.SH,洛阳钼业,资源品公司,沪深300,SH.603993,2021-01-04,2026-06-24,1316,True
601225.SH,陕西煤业,资源品公司,沪深300,SH.601225,2021-01-04,2026-06-24,1316,True
600111.SH,北方稀土,资源品公司,沪深300,SH.600111,2021-01-04,2026-06-24,1316,True
601918.SH,新集能源,资源品公司,中证1000,SH.601918,2021-01-04,2026-06-24,1316,True
601069.SH,西部黄金,资源品公司,中证1000,SH.601069,2021-01-04,2026-06-24,1305,True
301219.SZ,腾远钴业,资源品公司,中证1000,SZ.301219,2022-03-17,2026-06-24,1026,True
