代码,名称,公司类型,指数归属,起始日,结束日,交易日数,累计收益%,CAGR%,年化波动%,最大回撤%,正收益年份数,可计算年份数,正收益年份占比%,平均成交额万元,中位换手率%,市值增长%,PE中位数,PB中位数
600176.SH,中国巨石,周期品公司,沪深300,2016-05-03,2021-12-31,1370,447.973877672801,35.045372950721365,53.911854830503614,-58.84565629236618,5,6,83.33333333333334,53208.855406788316,1.0645,260.1873777625489,18.5199,2.7046
600309.SH,万华化学,周期品公司,沪深300,2016-05-03,2021-12-31,1240,-77.88383884078904,-23.394017659372967,126.66612613845898,-99.73348084480652,4,6,66.66666666666666,130219.44248411291,1.1138499999999998,766.7476957998256,16.3746,3.8463
600989.SH,宝丰能源,周期品公司,沪深300,2019-05-16,2021-12-31,643,86.61735221786633,26.79110231508295,66.35660575164292,-62.582084135997505,2,3,66.66666666666666,51719.75419222395,2.2403,8.432229856339802,18.8985,3.5927
600160.SH,巨化股份,周期品公司,沪深300,2016-05-03,2021-12-31,1372,77.51351717874655,10.66727994856318,47.98359148214138,-46.503881236946356,4,6,66.66666666666666,31613.970466982508,1.1066500000000001,-9.768118746158072,40.471999999999994,2.03165
600019.SH,宝钢股份,周期品公司,沪深300,2016-05-03,2021-12-31,1290,165.6684935043558,18.835694148560812,53.48987320459582,-69.3694891979737,4,6,66.66666666666666,66831.63444651163,0.3185,85.12814019642747,10.4329,0.8883
600585.SH,海螺水泥,周期品公司,沪深300,2016-05-03,2021-12-31,1382,1297.676585645282,59.331498597780374,84.22567603287364,-79.84263811677643,4,6,66.66666666666666,110442.43609044862,0.6145,150.7778469186944,8.9774,1.7305
002648.SZ,卫星化学,周期品公司,沪深300,2016-05-03,2021-12-31,1380,1047.9360763026789,53.887230236029346,65.68904084689228,-67.57431443213508,5,6,83.33333333333334,26402.307575869567,1.0322,765.0058204271356,17.0494,2.3197
601636.SH,旗滨集团,周期品公司,中证1000,2016-05-03,2021-12-31,1382,2557.1062075684686,78.47565816642108,100.60697177217935,-81.36865005696826,5,6,83.33333333333334,40209.58244819103,1.5089,284.5599213947541,13.0178,1.93
600596.SH,新安股份,周期品公司,中证1000,2016-05-03,2021-12-31,1368,434.51018135623576,34.45331959339357,62.61891020066648,-66.17452230140147,4,6,66.66666666666666,42391.17995,2.8959,228.01691718863327,17.6403,1.5142
603733.SH,仙鹤股份,周期品公司,中证1000,2018-04-20,2021-12-31,902,258.9543827050727,41.27255557927474,61.32597473050305,-70.06592396069937,3,4,75.0,16014.795977605321,4.64215,140.55367004151344,26.9142,3.239
300750.SZ,宁德时代,制造业公司,沪深300,2018-06-11,2021-12-31,866,16354.318136213988,319.92213527692917,104.28316702850562,-57.61910982971003,4,4,100.0,335782.25452794455,1.3648,1642.7541034021224,70.6725,7.6814
002594.SZ,比亚迪,制造业公司,沪深300,2016-05-03,2021-12-31,1382,378.1207508781369,31.831707479081683,49.02978088232009,-55.57984221783519,3,6,50.0,219777.56820520983,1.0478,436.48835648845665,45.1372,3.0759
300274.SZ,阳光电源,制造业公司,沪深300,2016-05-03,2021-12-31,1374,-79.5923477880667,-24.474136227540466,119.05653896455068,-99.97924825285038,4,6,66.66666666666666,112297.98014017468,2.39475,1232.8848821269903,27.290149999999997,2.8594
300124.SZ,汇川技术,制造业公司,沪深300,2016-05-03,2021-12-31,1371,594.7538694848181,40.82641431928202,44.12150662823765,-47.65994931867215,5,6,83.33333333333334,55743.86533610504,0.78525,428.8543119982688,44.1175,8.0139
600406.SH,国电南瑞,制造业公司,沪深300,2016-05-03,2021-12-31,1273,411.8140206300641,33.42688226545001,45.99176894142903,-38.16461312740941,6,6,100.0,48659.24130989788,0.63995,480.9964254107434,24.84135,3.73015
600031.SH,三一重工,制造业公司,沪深300,2016-05-03,2021-12-31,1382,780.8971215156255,46.85631082379391,47.7072627853567,-55.8423293515198,4,6,66.66666666666666,151428.15168958032,0.8723,323.69144521424573,17.6948,2.697
002028.SZ,思源电气,制造业公司,沪深300,2016-05-03,2021-12-31,1382,437.7089159619163,34.59508361596926,46.656971388968515,-56.444553940658274,5,6,83.33333333333334,27024.04185014472,1.6875,321.32516062207054,24.7557,2.7013
601126.SH,四方股份,制造业公司,中证1000,2016-05-03,2021-12-31,1379,-92.11994549905901,-36.158206892718205,151.8344356677006,-99.96568751385921,3,6,50.0,13011.988495794054,0.7181,74.89539748953975,23.1162,1.5271
300776.SZ,帝尔激光,制造业公司,中证1000,2019-05-17,2021-12-31,642,704.9914055158928,121.3016343174023,66.19967583544441,-34.91114801211156,3,3,100.0,18765.670486915886,3.38725,394.89821563629437,38.381150000000005,7.2483
002747.SZ,埃斯顿,制造业公司,中证1000,2016-05-03,2021-12-31,1334,208.88272131334014,22.04143634696525,52.07120364865716,-53.271478075570954,4,6,66.66666666666666,15665.310589730134,1.5401,189.19421675811466,126.4981,7.0689
600519.SH,贵州茅台,消费品公司,沪深300,2016-05-03,2021-12-31,1376,832.3332118391941,48.335664817163625,108.6346634620307,-93.88337622760781,4,6,66.66666666666666,399917.31505,0.2715,876.0975145224265,32.641,10.0217
000333.SZ,美的集团,消费品公司,沪深300,2016-05-03,2021-12-31,1332,2183.150148669005,73.75777773644265,66.03998066803408,-54.61366431261572,4,6,66.66666666666666,177203.58616876876,0.4802,306.6840139178649,16.961,4.1107
000858.SZ,五粮液,消费品公司,沪深300,2016-05-04,2021-12-31,1371,-96.52292932753426,-44.76369808021112,124.78792838125486,-99.98483826226298,3,6,50.0,320424.9853304158,0.639,786.9632271376943,29.2016,5.5697
000651.SZ,格力电器,消费品公司,沪深300,2016-09-02,2021-12-31,1272,1547.8351395905265,69.20213273651336,95.7930992384148,-66.85603161800853,3,6,50.0,267354.698647327,0.8315,79.69733424754797,12.7589,3.3735
603288.SH,海天味业,消费品公司,沪深300,2016-05-03,2021-12-31,1382,815.3592558882975,47.85507298821263,39.26531469873731,-48.853008754258184,5,6,83.33333333333334,40543.001087192475,0.1456,394.30674567641626,51.0297,16.8516
600887.SH,伊利股份,消费品公司,沪深300,2016-05-03,2021-12-31,1358,504.8929329964494,37.42318129405548,46.88229896098172,-49.824203633940215,4,6,66.66666666666666,177150.630495729,0.8655,188.41383105938766,25.9359,6.9408
600809.SH,山西汾酒,消费品公司,沪深300,2016-05-03,2021-12-31,1353,-98.20962755164216,-50.8600176675845,178.84297607206932,-99.99794877593715,4,6,66.66666666666666,83290.69004752403,0.7053,2369.3837450367387,43.3943,9.0387
002847.SZ,盐津铺子,消费品公司,中证1000,2017-02-09,2021-12-31,1195,3517.597709100869,108.30912213250446,90.21026119115338,-80.18351459831284,3,5,60.0,15164.191566025105,3.99155,578.5724090597117,53.084649999999996,7.22135
002507.SZ,涪陵榨菜,消费品公司,中证1000,2016-06-15,2021-12-31,1276,819.8002852155788,49.21818758611038,48.30663403935003,-54.13957023263514,5,6,83.33333333333334,29112.127164576803,1.3693,501.1454773237738,36.2565,7.28645
600258.SH,首旅酒店,消费品公司,中证1000,2016-05-03,2021-12-31,1382,105.01866278455174,13.51909641295923,46.317094565780216,-55.698847709561264,5,6,83.33333333333334,18658.315807018815,1.19135,285.12194073627785,41.0109,2.7622999999999998
603259.SH,药明康德,医药公司,沪深300,2018-05-08,2021-12-31,892,2532.1442656970967,145.00411504298177,74.94082712646731,-50.46152449614589,4,4,100.0,161108.1803970852,1.1602999999999999,981.5576492075124,87.1879,9.31225
600276.SH,恒瑞医药,医药公司,沪深300,2016-05-03,2021-12-31,1382,285.0745048223239,26.887508886945845,33.8548510017266,-53.304977667942545,4,6,66.66666666666666,151155.55351410998,0.4214,251.22160417467666,64.84434999999999,13.43615
300760.SZ,迈瑞医疗,医药公司,沪深300,2018-10-17,2021-12-31,783,798.4660476817396,98.33961517925958,51.67040627333881,-46.33975676471217,3,4,75.0,138678.01063959132,1.1618499999999998,441.90977657515606,59.101,17.02885
002001.SZ,新和成,医药公司,沪深300,2016-05-03,2021-12-31,1378,595.4419609564331,40.85103851208045,63.27715901813976,-64.60511374860536,4,6,66.66666666666666,54529.79210145137,1.103,369.3467016020323,21.248,3.1149
000538.SZ,云南白药,医药公司,沪深300,2016-05-03,2021-12-31,1218,159.69496163171794,18.35933475715592,43.034258418775224,-49.9840339291578,4,6,66.66666666666666,55017.46328431855,0.5691,89.90886315901001,27.9075,4.3394
603127.SH,昭衍新药,医药公司,中证1000,2017-08-28,2021-12-31,1058,3995.8015849037542,135.13417467946346,61.23541088580905,-42.78332277361433,5,5,100.0,20656.302195368622,2.0639,2887.1534675791363,82.6801,12.0553
300573.SZ,兴齐眼药,医药公司,中证1000,2016-12-08,2021-12-31,1220,8488.563415058576,141.0044900414201,205.1388445532903,-99.6590040372079,3,5,60.0,12767.90724942623,2.65595,1794.868721399731,120.7336,9.15675
300529.SZ,健帆生物,医药公司,中证1000,2016-08-03,2021-12-31,1318,1259.0459634139493,61.98340806716411,57.95732127282126,-74.15005292653301,4,6,66.66666666666666,24682.94982185129,1.5982,570.1371728373864,60.3999,14.7427
601138.SH,工业富联,科技硬件公司,沪深300,2018-06-08,2021-12-31,869,-12.04324108930236,-3.535871234616328,58.64321133885394,-63.62040767155395,1,4,25.0,72329.22128273878,2.1114,-39.371380265759804,15.87,3.3371
300308.SZ,中际旭创,科技硬件公司,沪深300,2016-09-30,2021-12-31,1273,683.5397067406644,47.99890084179543,59.253481900170804,-59.076736490072115,3,6,50.0,24626.33970510605,1.2526,672.0376687784687,63.44655,5.2283
688981.SH,中芯国际,科技硬件公司,沪深300,2020-07-17,2021-12-31,357,-36.14194450763167,-26.503128215324402,42.22973568714601,-41.487456075766374,0,2,0.0,253365.38029411764,2.3809,-29.22284885278398,101.13669999999999,4.457599999999999
688256.SH,寒武纪,科技硬件公司,沪深300,2020-07-21,2021-12-31,355,-55.61462786009748,-42.986963989011976,56.6820850790534,-73.98816145385535,0,2,0.0,30096.72750422535,2.6576,-55.22598870056497,,8.62245
300502.SZ,新易盛,科技硬件公司,沪深300,2016-05-03,2021-12-31,1380,211.16085224094422,22.19993197140362,63.48204975248414,-81.2368768694609,3,6,50.0,30854.01550195652,3.9972,728.0280195982982,65.3679,6.543
002371.SZ,北方华创,科技硬件公司,沪深300,2016-05-03,2021-12-31,1377,1630.6325841744176,65.45947784578891,60.00717119451176,-52.28438324261235,5,6,83.33333333333334,93707.38309469861,2.3747,2341.879436483439,173.8802,7.3396
002475.SZ,立讯精密,科技硬件公司,沪深300,2016-05-03,2021-12-31,1381,970.0371051400418,51.98906491176201,47.88999751602432,-48.637307242611705,4,6,66.66666666666666,169541.05564388126,0.7737,825.6950066446785,41.836749999999995,6.497199999999999
603083.SH,剑桥科技,科技硬件公司,中证1000,2017-11-10,2021-12-31,1009,111.80225418245638,19.876546224548687,65.89189737774778,-69.01484132188556,2,5,40.0,15052.0138814668,5.3305,57.45377636415119,64.59125,3.2373
600150.SH,中国船舶,军工公司,沪深300,2016-05-03,2021-12-31,1255,10.04622095672234,1.7051622140415779,44.81654851113614,-72.14468780491441,3,6,50.0,51890.348344780876,0.9791000000000001,149.77154185592343,181.18,1.8358500000000002
302132.SZ,中航成飞,军工公司,沪深300,2016-05-03,2021-12-31,1382,28.06324397442761,4.465600883515464,45.28883924439932,-68.71594422557285,4,6,66.66666666666666,10287.35671519537,1.001,-12.282249252237031,39.0326,4.5743
600760.SH,中航沈飞,军工公司,沪深300,2016-05-03,2021-12-31,1301,1402.2112023974196,61.37421308925211,56.941987172675844,-48.42448383859048,5,6,83.33333333333334,68360.44964542659,2.4432,2625.3022466750795,68.5917,7.8928
600893.SH,航发动力,军工公司,沪深300,2016-05-03,2021-12-31,1351,79.67739424849253,10.904357913307837,42.69032770626613,-51.9175909151891,3,6,50.0,82525.25679681718,0.5898,106.53114600721305,66.23015,3.0307
600118.SH,中国卫星,军工公司,沪深300,2016-05-03,2021-12-31,1382,-14.170205578553874,-2.662730008409886,37.01171960740038,-59.156553732707465,2,6,33.33333333333333,41918.98800911722,0.7782,-30.722122991621525,89.1875,6.2468
600482.SH,中国动力,军工公司,沪深300,2016-05-03,2021-12-31,1371,-41.304579051730485,-8.981243991848608,33.7017637151556,-60.02710457419597,1,6,16.666666666666664,16158.42802283005,0.6192,87.3414866614365,39.9257,1.4833
002625.SZ,光启技术,军工公司,沪深300,2016-05-03,2021-12-31,1219,-14.667910781539062,-2.762659153081126,53.2107045525026,-78.25769069196367,2,6,33.33333333333333,32935.41145184578,1.6049,292.7984193665407,306.4326,4.96835
000768.SZ,中航西飞,军工公司,沪深300,2016-05-03,2021-12-31,1382,118.7484136499262,14.826213578134361,41.6548303335112,-52.19881473949388,3,6,50.0,64332.730383357455,0.7995,59.59772627917801,95.4508,3.3042
600372.SH,中航机载,军工公司,沪深300,2016-05-03,2021-12-31,1377,20.485112812388895,3.346184870793434,38.45489301329061,-52.25324613348381,3,6,50.0,19633.75787429194,0.46575,7.450197656476232,51.081900000000005,3.68945
300775.SZ,三角防务,军工公司,中证1000,2019-05-21,2021-12-31,640,854.8328310178954,137.0193102921768,71.54599000196248,-61.51532428971791,3,3,100.0,36764.45921734375,4.7346,474.50058754406575,82.92525,9.346
300033.SZ,同花顺,平台型公司,沪深300,2016-05-03,2021-12-31,1381,125.5294253958298,15.447019240741898,64.25902907015242,-82.17055897607713,3,6,50.0,75166.34335713251,2.47985,126.0828772478499,37.75045,14.1999
300442.SZ,润泽科技,平台型公司,沪深300,2016-05-03,2021-12-31,1372,6.099069601780771,1.051130493737662,49.13932984975812,-85.12749276219894,4,6,66.66666666666666,3248.4686449708456,1.089,-27.281981676280964,175.2288,2.9135
002602.SZ,世纪华通,平台型公司,沪深300,2016-05-03,2021-12-31,1242,17.10534517625404,2.828148181243617,40.60255647765575,-66.39923220364226,2,6,33.33333333333333,35235.8821863124,0.8487,98.62203310868945,41.8286,3.3045
002230.SZ,科大讯飞,平台型公司,沪深300,2016-05-18,2021-12-31,1366,195.63184092821507,21.26948240285742,44.685754796466455,-58.16497516477013,4,6,66.66666666666666,162967.69515746707,1.8651,184.67050891849874,105.8844,7.4728
688111.SH,金山办公,平台型公司,沪深300,2019-11-19,2021-12-31,517,114.00071936171044,43.25982078859543,62.71344626398544,-51.83110761171591,2,3,66.66666666666666,61065.10825203094,1.3722,109.73486347447565,209.709,21.55665
002027.SZ,分众传媒,平台型公司,沪深300,2016-05-03,2021-12-31,1382,-9.045320928405243,-1.660570884034318,57.479636913993936,-79.93933825971536,3,6,50.0,82889.38751447177,1.0071,-24.966611945656258,25.1862,9.0424
601360.SH,三六零,平台型公司,沪深300,2016-05-03,2021-12-31,1260,7.591349488647414,1.3007157552755944,49.021209683406056,-82.03199882625002,2,6,33.33333333333333,40491.45016253969,1.3256,1501.9183410769442,32.0939,4.0384
603613.SH,国联股份,平台型公司,中证1000,2019-07-30,2021-12-31,591,1681.142372359087,228.2299190321449,69.49290104600169,-28.557945070086056,3,3,100.0,26987.986496615904,2.3243,1104.8551724971803,91.5708,9.7624
300773.SZ,拉卡拉,平台型公司,中证1000,2019-04-25,2021-12-31,655,107.99561228488645,31.34672624673005,65.7181849484469,-50.58339591819142,2,3,66.66666666666666,37756.40948900763,4.1307,21.118530884808017,32.027,5.4271
601857.SH,中国石油,资源品公司,沪深300,2016-05-03,2021-12-31,1382,-33.889805980518375,-7.048623762462169,30.905278671404098,-69.47084986763782,3,6,50.0,46836.26419392185,0.0345,-39.60639606397238,41.643,1.1287
601088.SH,中国神华,资源品公司,沪深300,2016-05-03,2021-12-31,1316,55.57364538290999,8.118428957345003,152.13725334906957,-97.75198352710251,4,6,66.66666666666666,54610.885950075986,0.1414,58.98310235378732,9.185,1.0917
601899.SH,紫金矿业,资源品公司,沪深300,2016-05-03,2021-12-31,1376,490.8526609130702,36.854346715035625,58.70133735918339,-63.20640671389166,5,6,83.33333333333334,135001.46314476745,0.976,257.6758837901087,30.8697,2.6201
603993.SH,洛阳钼业,资源品公司,沪深300,2016-05-26,2021-12-31,1365,115.15584846002453,14.66525175794895,59.13662190405642,-71.6523709683828,4,6,66.66666666666666,106209.48046153846,0.83195,77.53705614795774,48.426,3.26
601225.SH,陕西煤业,资源品公司,沪深300,2016-05-03,2021-12-31,1298,-99.99999999073334,-98.30971974137972,383.13906530815257,-99.99999999994857,2,6,33.33333333333333,48005.781860862866,0.5392,166.99548532731376,7.7306,1.6471
600111.SH,北方稀土,资源品公司,沪深300,2016-05-03,2021-12-31,1382,260.22573361456784,25.401342681754734,49.465240427401255,-60.22190715902064,4,6,66.66666666666666,166262.52814725036,1.4792,261.7693522906793,85.9037,5.2504
601918.SH,新集能源,资源品公司,中证1000,2016-05-03,2021-12-31,1369,-24.652878823404922,-4.876565228266616,45.62871904955208,-66.78895202894294,2,6,33.33333333333333,14712.769584806427,0.8919,-45.169082125603865,26.2021,1.6952
601069.SH,西部黄金,资源品公司,中证1000,2016-05-03,2021-12-31,1262,-46.569610760641346,-10.479603450802832,40.29614134556864,-62.946390771717105,1,6,16.666666666666664,25495.27769207607,2.5414,-38.61217462234616,208.32305,5.7881
