代码,名称,公司类型,指数归属,symbol,起始日,结束日,交易日数,累计收益%,CAGR%,年化波动%,最大回撤%,正收益年份数,可计算年份数,正收益年份占比%,平均成交额万元,中位换手率%,市值增长%,PE中位数,PB中位数
600176.SH,中国巨石,周期品公司,沪深300,SH.600176,2016-05-03,2021-12-31,1370,413.2075471698113,33.49097367421403,53.85455902157897,-58.84543761638734,5,6,83.33333333333334,53208.855406788316,1.0645,260.1873777625489,18.5199,2.7046
600309.SH,万华化学,周期品公司,沪深300,SH.600309,2016-05-03,2021-12-31,1257,-7236.923076923077,,700.4946035554017,-4851.236749116608,4,6,66.66666666666666,128763.81372927607,1.1138499999999998,766.7476957998256,16.3746,3.8463
600989.SH,宝丰能源,周期品公司,沪深300,SH.600989,2019-05-16,2021-12-31,643,16.781609195402304,6.080088846613685,54.80924515415945,-62.562994960403174,2,3,66.66666666666666,51719.75419222395,2.2403,8.432229856339802,18.8985,3.5927
600160.SH,巨化股份,周期品公司,沪深300,SH.600160,2016-05-03,2021-12-31,1372,69.58981612446959,9.778317286300698,47.95551297508424,-46.553552492046656,4,6,66.66666666666666,31613.970466982508,1.1066500000000001,-9.768118746158072,40.471999999999994,2.03165
600019.SH,宝钢股份,周期品公司,沪深300,SH.600019,2016-05-03,2021-12-31,1290,157.5107296137339,18.182899100037943,51.469333613562426,-69.35286935286935,3,6,50.0,66831.63444651163,0.3185,85.12814019642747,10.4329,0.8883
600585.SH,海螺水泥,周期品公司,沪深300,SH.600585,2016-05-03,2021-12-31,1382,1265.2173913043478,58.6716201495481,84.25035245260702,-79.84189723320158,4,6,66.66666666666666,110442.43609044862,0.6145,150.7778469186944,8.9774,1.7305
002648.SZ,卫星化学,周期品公司,沪深300,SZ.002648,2016-05-03,2021-12-31,1380,914.3617021276598,50.56142004407682,65.4873497795715,-67.56272401433692,5,6,83.33333333333334,26402.307575869567,1.0322,765.0058204271356,17.0494,2.3197
601636.SH,旗滨集团,周期品公司,中证1000,SH.601636,2016-05-03,2021-12-31,1382,2312.3076923076924,75.45476077308444,100.55515483834618,-81.3588850174216,5,6,83.33333333333334,40209.58244819103,1.5089,284.5599213947541,13.0178,1.93
600596.SH,新安股份,周期品公司,中证1000,SH.600596,2016-05-03,2021-12-31,1368,407.3619631901841,33.221154771880215,62.543593981580806,-66.16791354945968,4,6,66.66666666666666,42391.17995,2.8959,228.01691718863327,17.6403,1.5142
603733.SH,仙鹤股份,周期品公司,中证1000,SH.603733,2018-04-20,2021-12-31,902,131.858407079646,25.527803573091656,54.20692094763293,-70.08500137098986,2,4,50.0,16014.795977605321,4.64215,140.55367004151344,26.9142,3.239
300750.SZ,宁德时代,制造业公司,沪深300,SZ.300750,2018-06-11,2021-12-31,868,-45130.882352941175,,205.05002950298626,-53300.0,3,4,75.0,335008.9118549539,1.3648,1642.7541034021224,70.6725,7.6814
002594.SZ,比亚迪,制造业公司,沪深300,SZ.002594,2016-05-03,2021-12-31,1382,373.4827774740295,31.604934443422096,49.045522225269,-55.560769591740964,3,6,50.0,219777.56820520983,1.0478,436.48835648845665,45.1372,3.0759
300274.SZ,阳光电源,制造业公司,沪深300,SZ.300274,2016-05-03,2021-12-31,1377,1798.870056497175,68.19292814120195,461.4178330103614,-99.91452991452991,4,6,66.66666666666666,112088.13564110384,2.39475,1232.8848821269903,27.290149999999997,2.8594
300124.SZ,汇川技术,制造业公司,沪深300,SZ.300124,2016-05-03,2021-12-31,1371,570.8000000000001,39.95641235216476,43.876857635530484,-47.6388888888889,5,6,83.33333333333334,55743.86533610504,0.78525,428.8543119982688,44.1175,8.0139
600406.SH,国电南瑞,制造业公司,沪深300,SH.600406,2016-05-03,2021-12-31,1273,391.2878787878788,32.465785622329115,45.969096359620785,-38.139931740614344,6,6,100.0,48659.24130989788,0.63995,480.9964254107434,24.84135,3.73015
600031.SH,三一重工,制造业公司,沪深300,SH.600031,2016-05-03,2021-12-31,1382,735.2941176470589,45.48399140478227,47.67363842184359,-55.880427667466726,4,6,66.66666666666666,151428.15168958032,0.8723,323.69144521424573,17.6948,2.697
002028.SZ,思源电气,制造业公司,沪深300,SZ.002028,2016-05-03,2021-12-31,1382,412.433011789925,33.455368770236696,46.627390626030156,-56.45429362880887,5,6,83.33333333333334,27024.04185014472,1.6875,321.32516062207054,24.7557,2.7013
601126.SH,四方股份,制造业公司,中证1000,SH.601126,2016-05-03,2021-12-31,1382,219.81981981981983,22.79377421595754,284.2382364289576,-99.8663101604278,3,6,50.0,12988.570776700433,0.7181,74.89539748953975,23.1162,1.5271
300776.SZ,帝尔激光,制造业公司,中证1000,SZ.300776,2019-05-17,2021-12-31,642,435.2143244709713,89.43973019672057,58.23863948958569,-34.90138592750534,3,3,100.0,18765.670486915886,3.38725,394.89821563629437,38.381150000000005,7.2483
002747.SZ,埃斯顿,制造业公司,中证1000,SZ.002747,2016-05-03,2021-12-31,1334,190.55118110236216,20.729762908356932,51.675639842017716,-53.25884543761639,4,6,66.66666666666666,15665.310589730134,1.5401,189.19421675811466,126.4981,7.0689
600519.SH,贵州茅台,消费品公司,沪深300,SH.600519,2016-05-03,2021-12-31,1382,-19165.5704008222,,413.93573257045864,-9537.682878608144,4,6,66.66666666666666,398664.83627670043,0.2715,876.0975145224265,32.641,10.0217
000333.SZ,美的集团,消费品公司,沪深300,SZ.000333,2016-05-03,2021-12-31,1332,1502.5575447570332,63.2277862699677,60.348732944135264,-54.60569913850232,4,6,66.66666666666666,177203.58616876876,0.4802,306.6840139178649,16.961,4.1107
000858.SZ,五粮液,消费品公司,沪深300,SZ.000858,2016-05-03,2021-12-31,1382,11694.18604651163,132.21904640833958,1945.7128207190283,-127.90697674418605,4,6,66.66666666666666,318740.70752069465,0.639,786.9632271376943,29.2016,5.5697
000651.SZ,格力电器,消费品公司,沪深300,SZ.000651,2016-09-02,2021-12-31,1274,-2864.516129032258,,146.52115367440882,-6036.559139784946,2,6,33.33333333333333,267846.69086169545,0.8315,79.69733424754797,12.7589,3.3735
603288.SH,海天味业,消费品公司,沪深300,SH.603288,2016-05-03,2021-12-31,1382,758.3146067415731,46.18424638505303,39.184883263903394,-48.822463768115945,4,6,66.66666666666666,40543.001087192475,0.1456,394.30674567641626,51.0297,16.8516
600887.SH,伊利股份,消费品公司,沪深300,SH.600887,2016-05-03,2021-12-31,1358,470.35881435257414,36.00373304102546,46.30001836779725,-49.83654195423174,4,6,66.66666666666666,177150.630495729,0.8655,188.41383105938766,25.9359,6.9408
600809.SH,山西汾酒,消费品公司,沪深300,SH.600809,2016-05-03,2021-12-31,1370,-8393.64640883978,,1388.1165703758418,-8740.963855421687,4,6,66.66666666666666,82554.09125459855,0.7053,2369.3837450367387,43.3943,9.0387
002847.SZ,盐津铺子,消费品公司,中证1000,SZ.002847,2017-02-08,2021-12-31,1196,3513.861386138614,108.17962082738428,90.20928957519492,-80.18990073370739,3,5,60.0,15151.527584448162,3.99155,578.5724090597117,53.084649999999996,7.22135
002507.SZ,涪陵榨菜,消费品公司,中证1000,SZ.002507,2016-06-15,2021-12-31,1276,803.6303630363036,48.7415892397524,48.03725683745081,-54.14094650205763,5,6,83.33333333333334,29112.127164576803,1.3693,501.1454773237738,36.2565,7.28645
600258.SH,首旅酒店,消费品公司,中证1000,SH.600258,2016-05-03,2021-12-31,1382,96.91358024691357,12.713243068854219,46.300299170958745,-55.70469798657718,5,6,83.33333333333334,18658.315807018815,1.19135,285.12194073627785,41.0109,2.7622999999999998
603259.SH,药明康德,医药公司,沪深300,SH.603259,2018-05-08,2021-12-31,892,1264.7199046483909,104.64858117996201,56.58513741673874,-50.46457607433217,4,4,100.0,161108.1803970852,1.1602999999999999,981.5576492075124,87.1879,9.31225
600276.SH,恒瑞医药,医药公司,沪深300,SH.600276,2016-05-03,2021-12-31,1382,275.4901960784314,26.32391031923149,33.84780801226299,-53.271422541156596,4,6,66.66666666666666,151155.55351410998,0.4214,251.22160417467666,64.84434999999999,13.43615
300760.SZ,迈瑞医疗,医药公司,沪深300,SZ.300760,2018-10-16,2021-12-31,784,797.3970179428861,98.15022397922297,51.67057858343887,-46.33311361075082,3,4,75.0,138504.88160956634,1.1618499999999998,441.90977657515606,59.101,17.02885
002001.SZ,新和成,医药公司,沪深300,SZ.002001,2016-05-03,2021-12-31,1378,565.6891495601172,39.767483170301055,63.240754963413245,-64.6096654275093,4,6,66.66666666666666,54529.79210145137,1.103,369.3467016020323,21.248,3.1149
000538.SZ,云南白药,医药公司,沪深300,SZ.000538,2016-05-03,2021-12-31,1218,148.88973966309345,17.474261776825408,42.23150224856061,-49.97556923678296,4,6,66.66666666666666,55017.46328431855,0.5691,89.90886315901001,27.9075,4.3394
603127.SH,昭衍新药,医药公司,中证1000,SH.603127,2017-08-25,2021-12-31,1059,4000.7042253521126,134.81948934562053,61.237264025594875,-42.793791574279375,5,5,100.0,20636.81176043437,2.0639,2887.1534675791363,82.6801,12.0553
300573.SZ,兴齐眼药,医药公司,中证1000,SZ.300573,2016-12-08,2021-12-31,1234,-1534.1121495327104,,,-2436.4485981308408,3,5,60.0,12630.822304538087,2.65595,1794.868721399731,120.7336,9.15675
300529.SZ,健帆生物,医药公司,中证1000,SZ.300529,2016-08-02,2021-12-31,1319,1259.4086021505377,61.95187673934201,57.95481486113403,-74.14026536691037,4,6,66.66666666666666,24664.253368309324,1.5982,570.1371728373864,60.3999,14.7427
601138.SH,工业富联,科技硬件公司,沪深300,SH.601138,2018-06-08,2021-12-31,869,-44.02402402402402,-15.021918635081654,49.92132793705247,-63.620230700976045,1,4,25.0,72329.22128273878,2.1114,-39.371380265759804,15.87,3.3371
300308.SZ,中际旭创,科技硬件公司,沪深300,SZ.300308,2016-09-30,2021-12-31,1273,563.9810426540284,43.40535233300973,58.529669583699054,-59.08906882591093,3,6,50.0,24626.33970510605,1.2526,672.0376687784687,63.44655,5.2283
688981.SH,中芯国际,科技硬件公司,沪深300,SH.688981,2020-07-16,2021-12-31,358,-36.095031355523396,-26.423637102268916,42.230835907025615,-41.46427729309126,0,2,0.0,266059.6452924581,2.3809,-29.22284885278398,101.13669999999999,4.457599999999999
688256.SH,寒武纪,科技硬件公司,沪深300,SH.688256,2020-07-20,2021-12-31,356,-55.616786774056806,-42.92829079497734,56.684961583632585,-73.98893146019583,0,2,0.0,31598.782433426964,2.6576,-55.22598870056497,,8.62245
300502.SZ,新易盛,科技硬件公司,沪深300,SZ.300502,2016-05-03,2021-12-31,1380,199.537750385208,21.381035556757965,63.485297564648704,-81.22137404580153,3,6,50.0,30854.01550195652,3.9972,728.0280195982982,65.3679,6.543
002371.SZ,北方华创,科技硬件公司,沪深300,SZ.002371,2016-05-03,2021-12-31,1377,1560.4424202992845,64.2539554303578,60.026305010252365,-52.30263157894737,5,6,83.33333333333334,93707.38309469861,2.3747,2341.879436483439,173.8802,7.3396
002475.SZ,立讯精密,科技硬件公司,沪深300,SZ.002475,2016-05-03,2021-12-31,1381,950.0,51.48246898508597,47.91184389598166,-48.62520458265139,4,6,66.66666666666666,169541.05564388126,0.7737,825.6950066446785,41.836749999999995,6.497199999999999
603083.SH,剑桥科技,科技硬件公司,中证1000,SH.603083,2017-11-10,2021-12-31,1009,40.156599552572715,8.496833511819402,60.81330228537178,-69.02764833799316,2,5,40.0,15052.0138814668,5.3305,57.45377636415119,64.59125,3.2373
600150.SH,中国船舶,军工公司,沪深300,SH.600150,2016-05-03,2021-12-31,1255,7.0987654320987525,1.2186474842208472,44.119383458222714,-72.15230719586962,3,6,50.0,51890.348344780876,0.9791000000000001,149.77154185592343,181.18,1.8358500000000002
302132.SZ,中航成飞,军工公司,沪深300,SZ.302132,2016-05-03,2021-12-31,1382,20.970042796005718,3.419528320709242,45.23473974907365,-68.73126873126874,4,6,66.66666666666666,10287.35671519537,1.001,-12.282249252237031,39.0326,4.5743
600760.SH,中航沈飞,军工公司,沪深300,SH.600760,2016-05-03,2021-12-31,1301,1355.2795031055898,60.47208869816425,56.83152309914009,-48.40085287846482,5,6,83.33333333333334,68360.44964542659,2.4432,2625.3022466750795,68.5917,7.8928
600893.SH,航发动力,军工公司,沪深300,SH.600893,2016-05-03,2021-12-31,1351,74.58379578246395,10.342473642011306,42.67066733916221,-51.92282791661271,3,6,50.0,82525.25679681718,0.5898,106.53114600721305,66.23015,3.0307
600118.SH,中国卫星,军工公司,沪深300,SH.600118,2016-05-03,2021-12-31,1382,-16.682113067655237,-3.172037052324539,37.0060486985975,-59.18649695628113,2,6,33.33333333333333,41918.98800911722,0.7782,-30.722122991621525,89.1875,6.2468
600482.SH,中国动力,军工公司,沪深300,SH.600482,2016-05-03,2021-12-31,1371,-43.680188124632565,-9.643000742143515,33.682380659651436,-60.00000000000001,1,6,16.666666666666664,16158.42802283005,0.6192,87.3414866614365,39.9257,1.4833
002625.SZ,光启技术,军工公司,沪深300,SZ.002625,2016-05-03,2021-12-31,1219,-17.255862793139652,-3.290139630999356,52.960756430078845,-78.24631860776438,2,6,33.33333333333333,32935.41145184578,1.6049,292.7984193665407,306.4326,4.96835
000768.SZ,中航西飞,军工公司,沪深300,SZ.000768,2016-05-03,2021-12-31,1382,110.86448598130842,14.084189877322096,41.640712439372024,-52.186009538950714,3,6,50.0,64332.730383357455,0.7995,59.59772627917801,95.4508,3.3042
600372.SH,中航机载,军工公司,沪深300,SH.600372,2016-05-03,2021-12-31,1377,17.33547351524878,2.8638092216808797,38.45707581993876,-52.20994475138121,3,6,50.0,19633.75787429194,0.46575,7.450197656476232,51.081900000000005,3.68945
300775.SZ,三角防务,军工公司,中证1000,SZ.300775,2019-05-21,2021-12-31,640,530.8093994778068,102.269143305878,64.03602098276716,-61.51631477927063,3,3,100.0,36764.45921734375,4.7346,474.50058754406575,82.92525,9.346
300033.SZ,同花顺,平台型公司,沪深300,SZ.300033,2016-05-03,2021-12-31,1381,106.89116859946472,13.701532758392299,64.18949448681113,-82.16367955085295,3,6,50.0,75166.34335713251,2.47985,126.0828772478499,37.75045,14.1999
300442.SZ,润泽科技,平台型公司,沪深300,SZ.300442,2016-05-03,2021-12-31,1372,1.4890646812470987,0.2614006611010966,48.125092033025375,-85.11802942182689,4,6,66.66666666666666,3248.4686449708456,1.089,-27.281981676280964,175.2288,2.9135
002602.SZ,世纪华通,平台型公司,沪深300,SZ.002602,2016-05-03,2021-12-31,1242,13.994565217391308,2.3403442604261304,40.05431461630195,-66.42670157068062,3,6,50.0,35235.8821863124,0.8487,98.62203310868945,41.8286,3.3045
002230.SZ,科大讯飞,平台型公司,沪深300,SZ.002230,2016-05-18,2021-12-31,1366,185.69078947368425,20.533750700719743,44.57727794460073,-58.14552479072762,5,6,83.33333333333334,162967.69515746707,1.8651,184.67050891849874,105.8844,7.4728
688111.SH,金山办公,平台型公司,沪深300,SH.688111,2019-11-18,2021-12-31,518,114.16066753926705,43.24379343792823,62.71401099772762,-51.82596934174932,2,3,66.66666666666666,62058.59858339769,1.3722,109.73486347447565,209.709,21.55665
002027.SZ,分众传媒,平台型公司,沪深300,SZ.002027,2016-05-03,2021-12-31,1382,-10.131578947368414,-1.8690300345220123,57.498471680042165,-79.92530345471522,3,6,50.0,82889.38751447177,1.0071,-24.966611945656258,25.1862,9.0424
601360.SH,三六零,平台型公司,沪深300,SH.601360,2016-05-03,2021-12-31,1260,4.495335029686176,0.7796610764633005,48.43257223397394,-82.05005579467559,2,6,33.33333333333333,40491.45016253969,1.3256,1501.9183410769442,32.0939,4.0384
603613.SH,国联股份,平台型公司,中证1000,SH.603613,2019-07-30,2021-12-31,591,1063.448275862069,175.32551770640984,60.433222787178146,-28.552278820375342,3,3,100.0,26987.986496615904,2.3243,1104.8551724971803,91.5708,9.7624
300773.SZ,拉卡拉,平台型公司,中证1000,SZ.300773,2019-04-25,2021-12-31,655,34.172313649564366,11.56603150434572,56.30355262810718,-50.64301552106431,2,3,66.66666666666666,37756.40948900763,4.1307,21.118530884808017,32.027,5.4271
601857.SH,中国石油,资源品公司,沪深300,SH.601857,2016-05-03,2021-12-31,1382,-35.0597609561753,-7.341297068097408,30.90931061033278,-69.46778711484593,3,6,50.0,46836.26419392185,0.0345,-39.60639606397238,41.643,1.1287
601088.SH,中国神华,资源品公司,沪深300,SH.601088,2016-05-03,2021-12-31,1318,-394.5679012345679,,1130.8789101384568,-350.4672897196262,3,6,50.0,54835.33446669196,0.1414,58.98310235378732,9.185,1.0917
601899.SH,紫金矿业,资源品公司,沪深300,SH.601899,2016-05-03,2021-12-31,1376,459.6026490066225,35.54717342625293,58.10452853546168,-63.20000000000001,4,6,66.66666666666666,135001.46314476745,0.976,257.6758837901087,30.8697,2.6201
603993.SH,洛阳钼业,资源品公司,沪深300,SH.603993,2016-05-26,2021-12-31,1365,86.2204724409449,11.74513242187496,58.78877898482906,-71.67832167832167,4,6,66.66666666666666,106209.48046153846,0.83195,77.53705614795774,48.426,3.26
601225.SH,陕西煤业,资源品公司,沪深300,SH.601225,2016-05-03,2021-12-31,1382,-280.90909090909093,,,-353.03030303030306,2,6,33.33333333333333,49135.95729573083,0.5392,166.99548532731376,7.7306,1.6471
600111.SH,北方稀土,资源品公司,沪深300,SH.600111,2016-05-03,2021-12-31,1382,247.83950617283946,24.62876759159167,49.46185470110097,-60.22904737116086,4,6,66.66666666666666,166262.52814725036,1.4792,261.7693522906793,85.9037,5.2504
601918.SH,新集能源,资源品公司,中证1000,SH.601918,2016-05-03,2021-12-31,1369,-20.159680638722556,-3.898425276399209,45.314508826168506,-66.79316888045541,2,6,33.33333333333333,14712.769584806427,0.8919,-45.169082125603865,26.2021,1.6952
601069.SH,西部黄金,资源品公司,中证1000,SH.601069,2016-05-03,2021-12-31,1262,-48.473282442748086,-11.051383313751028,39.588111321462364,-62.92246520874751,2,6,33.33333333333333,25495.27769207607,2.5414,-38.61217462234616,208.32305,5.7881
