代码,名称,公司类型,指数归属,list_date,first_bar_2016_2021,last_bar_2016_2021,bars_2016_2021,listed_on_or_before_2016_start,listed_on_or_before_2021_end,had_any_trade_2016_2021,full_2016_2021_proxy
600176.SH,中国巨石,周期品公司,沪深300,19990422,2016-05-03,2021-12-31,1370.0,True,True,True,True
600309.SH,万华化学,周期品公司,沪深300,20010105,2016-05-03,2021-12-31,1257.0,True,True,True,True
600989.SH,宝丰能源,周期品公司,沪深300,20190516,2019-05-16,2021-12-31,643.0,False,True,True,False
600160.SH,巨化股份,周期品公司,沪深300,19980626,2016-05-03,2021-12-31,1372.0,True,True,True,True
600019.SH,宝钢股份,周期品公司,沪深300,20001212,2016-05-03,2021-12-31,1290.0,True,True,True,True
600585.SH,海螺水泥,周期品公司,沪深300,20020207,2016-05-03,2021-12-31,1382.0,True,True,True,True
002648.SZ,卫星化学,周期品公司,沪深300,20111228,2016-05-03,2021-12-31,1380.0,True,True,True,True
601636.SH,旗滨集团,周期品公司,中证1000,20110812,2016-05-03,2021-12-31,1382.0,True,True,True,True
600596.SH,新安股份,周期品公司,中证1000,20010906,2016-05-03,2021-12-31,1368.0,True,True,True,True
603733.SH,仙鹤股份,周期品公司,中证1000,20180420,2018-04-20,2021-12-31,902.0,False,True,True,False
300750.SZ,宁德时代,制造业公司,沪深300,20180611,2018-06-11,2021-12-31,868.0,False,True,True,False
002594.SZ,比亚迪,制造业公司,沪深300,20110630,2016-05-03,2021-12-31,1382.0,True,True,True,True
300274.SZ,阳光电源,制造业公司,沪深300,20111102,2016-05-03,2021-12-31,1377.0,True,True,True,True
300124.SZ,汇川技术,制造业公司,沪深300,20100928,2016-05-03,2021-12-31,1371.0,True,True,True,True
600406.SH,国电南瑞,制造业公司,沪深300,20031016,2016-05-03,2021-12-31,1273.0,True,True,True,True
600031.SH,三一重工,制造业公司,沪深300,20030703,2016-05-03,2021-12-31,1382.0,True,True,True,True
002028.SZ,思源电气,制造业公司,沪深300,20040805,2016-05-03,2021-12-31,1382.0,True,True,True,True
601126.SH,四方股份,制造业公司,中证1000,20101231,2016-05-03,2021-12-31,1382.0,True,True,True,True
300776.SZ,帝尔激光,制造业公司,中证1000,20190517,2019-05-17,2021-12-31,642.0,False,True,True,False
002747.SZ,埃斯顿,制造业公司,中证1000,20150320,2016-05-03,2021-12-31,1334.0,True,True,True,True
600519.SH,贵州茅台,消费品公司,沪深300,20010827,2016-05-03,2021-12-31,1382.0,True,True,True,True
000333.SZ,美的集团,消费品公司,沪深300,20130918,2016-05-03,2021-12-31,1332.0,True,True,True,True
000858.SZ,五粮液,消费品公司,沪深300,19980427,2016-05-03,2021-12-31,1382.0,True,True,True,True
000651.SZ,格力电器,消费品公司,沪深300,19961118,2016-09-02,2021-12-31,1274.0,True,True,True,True
603288.SH,海天味业,消费品公司,沪深300,20140211,2016-05-03,2021-12-31,1382.0,True,True,True,True
600887.SH,伊利股份,消费品公司,沪深300,19960312,2016-05-03,2021-12-31,1358.0,True,True,True,True
600809.SH,山西汾酒,消费品公司,沪深300,19940106,2016-05-03,2021-12-31,1370.0,True,True,True,True
002847.SZ,盐津铺子,消费品公司,中证1000,20170208,2017-02-08,2021-12-31,1196.0,False,True,True,False
002507.SZ,涪陵榨菜,消费品公司,中证1000,20101123,2016-06-15,2021-12-31,1276.0,True,True,True,True
600258.SH,首旅酒店,消费品公司,中证1000,20000601,2016-05-03,2021-12-31,1382.0,True,True,True,True
603259.SH,药明康德,医药公司,沪深300,20180508,2018-05-08,2021-12-31,892.0,False,True,True,False
600276.SH,恒瑞医药,医药公司,沪深300,20001018,2016-05-03,2021-12-31,1382.0,True,True,True,True
300760.SZ,迈瑞医疗,医药公司,沪深300,20181016,2018-10-16,2021-12-31,784.0,False,True,True,False
688506.SH,百利天恒,医药公司,沪深300,20230106,,,,False,False,False,False
002001.SZ,新和成,医药公司,沪深300,20040625,2016-05-03,2021-12-31,1378.0,True,True,True,True
000538.SZ,云南白药,医药公司,沪深300,19931215,2016-05-03,2021-12-31,1218.0,True,True,True,True
688271.SH,联影医疗,医药公司,沪深300,20220822,,,,False,False,False,False
603127.SH,昭衍新药,医药公司,中证1000,20170825,2017-08-25,2021-12-31,1059.0,False,True,True,False
300573.SZ,兴齐眼药,医药公司,中证1000,20161208,2016-12-08,2021-12-31,1234.0,False,True,True,False
300529.SZ,健帆生物,医药公司,中证1000,20160802,2016-08-02,2021-12-31,1319.0,False,True,True,False
601138.SH,工业富联,科技硬件公司,沪深300,20180608,2018-06-08,2021-12-31,869.0,False,True,True,False
300308.SZ,中际旭创,科技硬件公司,沪深300,20120410,2016-09-30,2021-12-31,1273.0,True,True,True,True
688981.SH,中芯国际,科技硬件公司,沪深300,20200716,2020-07-16,2021-12-31,358.0,False,True,True,False
688256.SH,寒武纪,科技硬件公司,沪深300,20200720,2020-07-20,2021-12-31,356.0,False,True,True,False
300502.SZ,新易盛,科技硬件公司,沪深300,20160303,2016-05-03,2021-12-31,1380.0,False,True,True,False
002371.SZ,北方华创,科技硬件公司,沪深300,20100316,2016-05-03,2021-12-31,1377.0,True,True,True,True
002475.SZ,立讯精密,科技硬件公司,沪深300,20100915,2016-05-03,2021-12-31,1381.0,True,True,True,True
603083.SH,剑桥科技,科技硬件公司,中证1000,20171110,2017-11-10,2021-12-31,1009.0,False,True,True,False
688409.SH,富创精密,科技硬件公司,中证1000,20221010,,,,False,False,False,False
301205.SZ,联特科技,科技硬件公司,中证1000,20220913,,,,False,False,False,False
600150.SH,中国船舶,军工公司,沪深300,19980520,2016-05-03,2021-12-31,1255.0,True,True,True,True
302132.SZ,中航成飞,军工公司,沪深300,20100827,2016-05-03,2021-12-31,1382.0,True,True,True,True
600760.SH,中航沈飞,军工公司,沪深300,19961011,2016-05-03,2021-12-31,1301.0,True,True,True,True
600893.SH,航发动力,军工公司,沪深300,19960408,2016-05-03,2021-12-31,1351.0,True,True,True,True
600118.SH,中国卫星,军工公司,沪深300,19970908,2016-05-03,2021-12-31,1382.0,True,True,True,True
600482.SH,中国动力,军工公司,沪深300,20040714,2016-05-03,2021-12-31,1371.0,True,True,True,True
002625.SZ,光启技术,军工公司,沪深300,20111103,2016-05-03,2021-12-31,1219.0,True,True,True,True
000768.SZ,中航西飞,军工公司,沪深300,19970626,2016-05-03,2021-12-31,1382.0,True,True,True,True
600372.SH,中航机载,军工公司,沪深300,20010706,2016-05-03,2021-12-31,1377.0,True,True,True,True
300775.SZ,三角防务,军工公司,中证1000,20190521,2019-05-21,2021-12-31,640.0,False,True,True,False
300033.SZ,同花顺,平台型公司,沪深300,20091225,2016-05-03,2021-12-31,1381.0,True,True,True,True
300442.SZ,润泽科技,平台型公司,沪深300,20150424,2016-05-03,2021-12-31,1372.0,True,True,True,True
002602.SZ,世纪华通,平台型公司,沪深300,20110728,2016-05-03,2021-12-31,1242.0,True,True,True,True
002230.SZ,科大讯飞,平台型公司,沪深300,20080512,2016-05-18,2021-12-31,1366.0,True,True,True,True
688111.SH,金山办公,平台型公司,沪深300,20191118,2019-11-18,2021-12-31,518.0,False,True,True,False
002027.SZ,分众传媒,平台型公司,沪深300,20040804,2016-05-03,2021-12-31,1382.0,True,True,True,True
601360.SH,三六零,平台型公司,沪深300,20120116,2016-05-03,2021-12-31,1260.0,True,True,True,True
603613.SH,国联股份,平台型公司,中证1000,20190730,2019-07-30,2021-12-31,591.0,False,True,True,False
301171.SZ,易点天下,平台型公司,中证1000,20220819,,,,False,False,False,False
300773.SZ,拉卡拉,平台型公司,中证1000,20190425,2019-04-25,2021-12-31,655.0,False,True,True,False
601857.SH,中国石油,资源品公司,沪深300,20071105,2016-05-03,2021-12-31,1382.0,True,True,True,True
600938.SH,中国海油,资源品公司,沪深300,20220421,,,,False,False,False,False
601088.SH,中国神华,资源品公司,沪深300,20071009,2016-05-03,2021-12-31,1318.0,True,True,True,True
601899.SH,紫金矿业,资源品公司,沪深300,20080425,2016-05-03,2021-12-31,1376.0,True,True,True,True
603993.SH,洛阳钼业,资源品公司,沪深300,20121009,2016-05-26,2021-12-31,1365.0,True,True,True,True
601225.SH,陕西煤业,资源品公司,沪深300,20140128,2016-05-03,2021-12-31,1382.0,True,True,True,True
600111.SH,北方稀土,资源品公司,沪深300,19970924,2016-05-03,2021-12-31,1382.0,True,True,True,True
601918.SH,新集能源,资源品公司,中证1000,20071219,2016-05-03,2021-12-31,1369.0,True,True,True,True
601069.SH,西部黄金,资源品公司,中证1000,20150122,2016-05-03,2021-12-31,1262.0,True,True,True,True
301219.SZ,腾远钴业,资源品公司,中证1000,20220317,,,,False,False,False,False
