date,AJ80_nav,AJ80_daily_return,available_return_count
2021-01-05,1.0,0.013128589362797136,73
2021-01-06,1.0084949708831366,0.008494970883136463,73
2021-01-07,1.0329312062457732,0.024230398830088082,73
2021-01-08,1.0319691114228908,-0.0009314219737624542,73
2021-01-11,1.0150688993150339,-0.016376664689657996,73
2021-01-12,1.0420071556939834,0.026538352615401266,73
2021-01-13,1.0353791892272204,-0.006360768667033598,73
2021-01-14,1.014921043313941,-0.019759085488813832,73
2021-01-15,1.0104400285848405,-0.004415136289290991,73
2021-01-18,1.0327062967040745,0.022036209462543546,73
2021-01-19,1.0144851141178468,-0.017644109118324692,73
2021-01-20,1.0352707493645497,0.02048885188894795,73
2021-01-21,1.0609366473556359,0.024791483780295956,73
2021-01-22,1.065941151343574,0.004717062041745498,73
2021-01-25,1.0788359218693946,0.01209707544320544,73
2021-01-26,1.0445293134010465,-0.031799653471773597,73
2021-01-27,1.0456828644070033,0.0011043739904252755,73
2021-01-28,1.0117955480261196,-0.03240687739499377,73
2021-01-29,1.00355711860977,-0.008142385516937127,73
2021-02-01,1.0138814912721268,0.010287777816432628,73
2021-02-02,1.0351444337093463,0.02097182226942595,73
2021-02-03,1.024605076322685,-0.010181533169138945,73
2021-02-04,1.0079088646204544,-0.016295265452083745,73
2021-02-05,0.993590589660398,-0.014205922244218185,73
2021-02-08,1.0175278327826751,0.024091656434124125,73
2021-02-09,1.0543933179265104,0.03623044398010967,73
2021-02-10,1.0734659776546043,0.018088752464403675,73
2021-02-18,1.0951262848383594,0.02017791679907774,73
2021-02-19,1.1026232649855272,0.006845767699087166,73
2021-02-22,1.0851611269164603,-0.0158369033409577,73
2021-02-23,1.0798297844106153,-0.004912950135796399,73
2021-02-24,1.048505189622664,-0.029008826428184142,73
2021-02-25,1.0511162339481035,0.00249025407912291,73
2021-02-26,1.0210838034951577,-0.028571940460039167,73
2021-03-01,1.0518453977035265,0.030126414798738548,73
2021-03-02,1.0464547099213866,-0.005124981098847216,73
2021-03-03,1.0622539881519912,0.01509790923659903,73
2021-03-04,1.0249273436384745,-0.03513909566812181,73
2021-03-05,1.0173031254019103,-0.007438788987225665,73
2021-03-08,0.9756578081324322,-0.040936979578259834,73
2021-03-09,0.9455235226546057,-0.030886121370266608,73
2021-03-10,0.9530050822583219,0.007912610764787028,73
2021-03-11,0.9830869085860221,0.031565231799620334,73
2021-03-12,0.9902714472592293,0.007308141946006393,73
2021-03-15,0.9694501440112654,-0.021025854381231487,73
2021-03-16,0.9739148886047315,0.004605440126082592,73
2021-03-17,0.984597178733877,0.010968402120281155,73
2021-03-18,0.9988597351811329,0.0144856767369542,73
2021-03-19,0.9804649728774405,-0.018415761148242414,73
2021-03-22,0.9894657155874214,0.009180075738520132,73
2021-03-23,0.9715518094417249,-0.018104625419043924,73
2021-03-24,0.9451487790699795,-0.027176142450825377,73
2021-03-25,0.9538019592139767,0.009155362981595276,73
2021-03-26,0.9817743540839502,0.029327256669744364,73
2021-03-29,0.9898799531476147,0.00825607129575869,73
2021-03-30,1.0021392694151854,0.012384649500768993,73
2021-03-31,0.9868903150536472,-0.015216402377323086,73
2021-04-01,1.001526402790603,0.014830511064606387,73
2021-04-02,1.0133578017292015,0.011813366982270122,73
2021-04-06,1.0171718999227577,0.003763821808099488,73
2021-04-07,1.015189768885243,-0.00194866869372369,73
2021-04-08,1.016845382192827,0.0016308412065677296,73
2021-04-09,1.0052379986631643,-0.011415091943114533,73
2021-04-12,0.9767604783254582,-0.028329132380170183,73
2021-04-13,0.9745970097016117,-0.002214942835889,73
2021-04-14,0.9899047335148122,0.015706721507269313,73
2021-04-15,0.9849944795707,-0.004960329795249728,73
2021-04-16,0.9900635160147085,0.005146258734584753,73
2021-04-19,1.0150591095048578,0.02524645448078284,73
2021-04-20,1.014980522438198,-7.742117274137057e-05,73
2021-04-21,1.0148685560742317,-0.00011031380552738796,73
2021-04-22,1.0128351800606217,-0.0020035855889314535,73
2021-04-23,1.0264310145822695,0.013423540956420895,73
2021-04-26,1.0202224515581644,-0.006048690010240857,73
2021-04-27,1.0218647024418999,0.0016096988271795429,73
2021-04-28,1.032127193221225,0.010042905635943252,73
2021-04-29,1.0334084799146654,0.0012414038713983676,73
2021-04-30,1.017669197137959,-0.015230456380623193,73
2021-05-06,1.0216298824753889,0.0038919182663372325,73
2021-05-07,1.008744957364455,-0.012612126301272744,73
2021-05-10,1.0130785215121065,0.004295995847130551,73
2021-05-11,1.0133496261016486,0.0002676047155133552,73
2021-05-12,1.019683239212233,0.006250175603211804,73
2021-05-13,1.0046347346351625,-0.014758018959590153,73
2021-05-14,1.023762681294426,0.019039702689764234,73
2021-05-17,1.0391576381583347,0.015037622629927808,73
2021-05-18,1.0472338629897897,0.007771895749877053,73
2021-05-19,1.0426123578841626,-0.004413059268760817,73
2021-05-20,1.0390155213953285,-0.0034498310533489143,73
2021-05-21,1.0325214961151299,-0.006250171577299898,73
2021-05-24,1.0327112724559984,0.00018379892484814237,73
2021-05-25,1.0647269974689235,0.03100162249297943,73
2021-05-26,1.070920413795825,0.005816905499367181,73
2021-05-27,1.085385638852968,0.01350728296033829,73
2021-05-28,1.0769466183486398,-0.007775135585216077,73
2021-05-31,1.0900028319074366,0.01212336186060628,73
2021-06-01,1.1001954598208938,0.009351010488313074,73
2021-06-02,1.0867979854861205,-0.012177358318633999,73
2021-06-03,1.0847585186985294,-0.0018765831505281898,73
2021-06-04,1.0913610919496717,0.006086675640089936,73
2021-06-07,1.0987481454560997,0.006768661225801544,73
2021-06-08,1.0974965693033447,-0.0011390928466462826,73
2021-06-09,1.1052953642037984,0.007105985675567088,73
2021-06-10,1.1181706168197174,0.011648698649155858,73
2021-06-11,1.102206621143804,-0.01427688711881739,73
2021-06-15,1.0968177028181272,-0.004889208812849079,73
2021-06-16,1.0739077856998782,-0.020887625226493803,73
2021-06-17,1.0832917221412568,0.008738121248709265,73
2021-06-18,1.0885155719999575,0.004822200476502535,73
2021-06-21,1.0955834785162262,0.006493160684217267,73
2021-06-22,1.1005374878543017,0.0045217999679815195,73
2021-06-23,1.1151568179362912,0.013283809268953133,73
2021-06-24,1.1087377317296414,-0.005756218411083223,73
2021-06-25,1.1255126975070573,0.015129787051845927,73
2021-06-28,1.1306757763825332,0.004587312863650134,73
2021-06-29,1.1210192988188292,-0.008540447903287184,73
2021-06-30,1.1288446620285633,0.006980578494927911,73
2021-07-01,1.1148234772290775,-0.012420827480629145,73
2021-07-02,1.0888083524012386,-0.023335644933223088,73
2021-07-05,1.0991113310738707,0.009462619064144813,73
2021-07-06,1.0984731670864205,-0.0005806181497799891,73
2021-07-07,1.1165747726973083,0.016478878276927213,73
2021-07-08,1.1120044456527562,-0.004093167028582928,73
2021-07-09,1.1123127527439522,0.00027725346998517495,73
2021-07-12,1.1376735091209436,0.022800023028081897,73
2021-07-13,1.1438150003004635,0.005398289694083935,73
2021-07-14,1.1315186298307527,-0.010750314051206399,73
2021-07-15,1.1393051691894842,0.006881494615688653,73
2021-07-16,1.1327148906599915,-0.005784471718127259,73
2021-07-19,1.1384552470176779,0.005067785728800286,73
2021-07-20,1.1353806560364685,-0.0027006691648735863,73
2021-07-21,1.146848180691082,0.010100158562367758,73
2021-07-22,1.1542733164263732,0.006474384195139747,73
2021-07-23,1.1391996691611417,-0.013058993091774315,73
2021-07-26,1.1188687255321283,-0.017846690250519767,73
2021-07-27,1.0880070637068842,-0.02758291578001381,73
2021-07-28,1.0730411501390646,-0.01375534595963929,73
2021-07-29,1.1058432185198162,0.030569254847775684,73
2021-07-30,1.1148288439095377,0.00812558709881956,73
2021-08-02,1.1520691857836391,0.033404537456624306,73
2021-08-03,1.1398926297425789,-0.010569292357887089,73
2021-08-04,1.1573672625949543,0.015330069163024294,73
2021-08-05,1.149863896897727,-0.006483132830631387,73
2021-08-06,1.145281567259831,-0.003985106107130409,73
2021-08-09,1.1606417261488131,0.013411687857451738,73
2021-08-10,1.178899531355658,0.015730784785264466,73
2021-08-11,1.1860082795739268,0.006029986465508402,73
2021-08-12,1.1782432725208647,-0.006547177778431499,73
2021-08-13,1.1714400778821332,-0.005774015262719123,73
2021-08-16,1.167989413274133,-0.0029456603655209504,73
2021-08-17,1.1307123627509041,-0.03191557226424949,73
2021-08-18,1.1463608352069663,0.013839481172728195,73
2021-08-19,1.1461883967761382,-0.0001504224721678506,73
2021-08-20,1.1294552624216734,-0.014598938884331454,73
2021-08-23,1.1605338817178932,0.027516467743559765,73
2021-08-24,1.1707783209641482,0.008827350418318251,73
2021-08-25,1.1829276012784944,0.010377097095837312,73
2021-08-26,1.1707389571571452,-0.010303795522376803,73
2021-08-27,1.1713317800488339,0.0005063664176070616,73
2021-08-30,1.18051105068252,0.007836610250003938,73
2021-08-31,1.1871525871975788,0.0056259841966059985,73
2021-09-01,1.189414515302409,0.0019053389844096566,73
2021-09-02,1.195556170481965,0.00516359528199839,73
2021-09-03,1.1839929357773114,-0.009671845614742073,73
2021-09-06,1.2094797848753345,0.02152618341535199,73
2021-09-07,1.223119441837209,0.011277292214751938,73
2021-09-08,1.218551973480101,-0.0037342782731403187,73
2021-09-09,1.2315449668117804,0.010662650108039616,73
2021-09-10,1.2344688834047763,0.0023741858168327603,73
2021-09-13,1.2428052255282673,0.00675297873892,73
2021-09-14,1.2302277911534876,-0.010120197530899195,73
2021-09-15,1.2254599621200104,-0.003875566027496929,73
2021-09-16,1.2142849535430245,-0.009119031973638126,73
2021-09-17,1.2129541147142675,-0.001095985604428283,73
2021-09-22,1.2200507827919158,0.005850730865709646,73
2021-09-23,1.2272836815486317,0.005928358768939321,73
2021-09-24,1.2136313353809878,-0.011124034624510634,73
2021-09-27,1.2037591635989295,-0.00813440745492879,73
2021-09-28,1.2039381939549905,0.00014872605872901794,73
2021-09-29,1.1693762055699015,-0.028707444085274213,73
2021-09-30,1.193443517550873,0.02058132521111319,73
2021-10-08,1.2005130292118145,0.005923624836011483,73
2021-10-11,1.1976045753072688,-0.0024226758342265307,73
2021-10-12,1.1704164835292685,-0.02270206071233888,73
2021-10-13,1.1782302085358145,0.006676020986123166,73
2021-10-14,1.1856978789661057,0.006338040203171601,73
2021-10-15,1.19301171419672,0.006168380124784844,73
2021-10-18,1.1954356128542563,0.0020317475752266822,73
2021-10-19,1.2073001032274302,0.009924825934243292,73
2021-10-20,1.2008631648917971,-0.005331680431754646,73
2021-10-21,1.2026974785617026,0.0015274959908281925,73
2021-10-22,1.2006956103233941,-0.0016644819449544883,73
2021-10-25,1.2174714117667513,0.013971735466608895,73
2021-10-26,1.2202739180458704,0.0023019072579716967,73
2021-10-27,1.1975782963600903,-0.01859879273837503,73
2021-10-28,1.179887136129447,-0.014772445596595827,73
2021-10-29,1.196122106784165,0.013759765792494355,73
2021-11-01,1.1942713178323567,-0.0015473244255840854,73
2021-11-02,1.190052242234771,-0.0035327613872898835,73
2021-11-03,1.1897412439993822,-0.00026133158222083405,73
2021-11-04,1.2054322682624343,0.013188602431152035,73
2021-11-05,1.1858285305693765,-0.016262828040363924,73
2021-11-08,1.1892413690873065,0.0028780202448757636,73
2021-11-09,1.1989231412066557,0.008141132970155299,72
2021-11-10,1.190058009419552,-0.007394245287634761,72
2021-11-11,1.2024097378992504,0.010379097810301448,72
2021-11-12,1.2098354552328403,0.006175696270194434,72
2021-11-15,1.2163722266989683,0.005403025211283782,72
2021-11-16,1.2046419321902548,-0.00964367177352233,72
2021-11-17,1.2166229363910974,0.009945697456387521,72
2021-11-18,1.2132199476121177,-0.002797077613113137,72
2021-11-19,1.2268278586649632,0.011216359473505792,72
2021-11-22,1.240032836678701,0.0107635133327568,72
2021-11-23,1.243414570195492,0.0027271322313114233,72
2021-11-24,1.2497477670986001,0.005093391258968836,73
2021-11-25,1.2503344578529465,0.0004694473315272063,73
2021-11-26,1.244838787937886,-0.004395359881945206,73
2021-11-29,1.2408094683299324,-0.003236820419636986,73
2021-11-30,1.2404780599322516,-0.0002670904809639212,73
2021-12-01,1.251774332185632,0.00910638617340599,73
2021-12-02,1.2439596592135949,-0.006242876827800543,73
2021-12-03,1.2595011267071852,0.01249354621629411,73
2021-12-06,1.2505652405665575,-0.0070947821729936125,73
2021-12-07,1.250015386284315,-0.0004396846037344334,73
2021-12-08,1.272671183439933,0.018124414630577065,73
2021-12-09,1.2784681674538623,0.0045549738922041234,73
2021-12-10,1.2722332845113804,-0.004876838627041467,73
2021-12-13,1.289725005677717,0.01374883158559603,73
2021-12-14,1.285394433287612,-0.003357748644897943,73
2021-12-15,1.2706699757088595,-0.011455205653172167,73
2021-12-16,1.2853956881789381,0.011588935562803113,73
2021-12-17,1.2637031963728773,-0.016876119941551516,73
2021-12-20,1.238517927525209,-0.019929734228698575,73
2021-12-21,1.2542987994047654,0.012741738757944075,73
2021-12-22,1.2602636269800378,0.004755507681345868,73
2021-12-23,1.2704936571505134,0.008117373184045465,73
2021-12-24,1.2549331838189561,-0.012247580492811523,73
2021-12-27,1.2585931319768684,0.002916448624598953,73
2021-12-28,1.2692547890416477,0.008471091088851997,73
2021-12-29,1.2640821360645038,-0.004075346433043227,73
2021-12-30,1.2736403593514285,0.007561394164371765,73
2021-12-31,1.2806830473851778,0.005529573542515432,73
2022-01-04,1.2735307793421804,-0.005584729225237028,73
2022-01-05,1.2487070226248151,-0.019492074412357348,73
2022-01-06,1.2424561731648236,-0.0050058575364236215,73
2022-01-07,1.231588819382956,-0.00874666971486475,73
2022-01-10,1.2410868218338365,0.007711991454777191,73
2022-01-11,1.2265426363598535,-0.01171891056944139,73
2022-01-12,1.244375051953309,0.014538765359497807,73
2022-01-13,1.222096054057531,-0.017903764512802255,73
2022-01-14,1.2103954995983386,-0.009574169248272183,73
2022-01-17,1.2266236559068284,0.013407317123927722,73
2022-01-18,1.2405370918653351,0.011342872682673472,73
2022-01-19,1.2309294657382288,-0.007744731044405616,73
2022-01-20,1.2279234853418215,-0.002442041140517121,73
2022-01-21,1.2099310146178588,-0.014652762113230576,73
2022-01-24,1.2130569933405306,0.002583600787900268,73
2022-01-25,1.1792660833514328,-0.02785599536922339,73
2022-01-26,1.1892220572176182,0.00844251692365371,73
2022-01-27,1.1537207950656407,-0.029852508988135087,73
2022-01-28,1.1393477051975258,-0.012458031379504755,73
2022-02-07,1.1609386442558964,0.018950263347945574,73
2022-02-08,1.1615748476081944,0.0005480077310251372,73
2022-02-09,1.1784265396159033,0.014507624749630589,73
2022-02-10,1.178634156601455,0.00017618152559568088,73
2022-02-11,1.1645124121365322,-0.011981448514645601,73
2022-02-14,1.1607264359361267,-0.003251125673670774,73
2022-02-15,1.1814761375679785,0.017876478892390395,73
2022-02-16,1.1832145579830897,0.0014713969752190334,73
2022-02-17,1.189072786143895,0.004951112307805898,73
2022-02-18,1.1954417942419278,0.005356281105959356,73
2022-02-21,1.1983386831868905,0.0024232789575504795,73
2022-02-22,1.1848522287683274,-0.011254292803681235,73
2022-02-23,1.2066930927492587,0.018433407517522437,73
2022-02-24,1.1889947679611024,-0.014666798786287643,73
2022-02-25,1.1974993554987647,0.007152754382801764,73
2022-02-28,1.2073757791258866,0.008247539826865656,73
2022-03-01,1.2160839502870862,0.007212477930859277,73
2022-03-02,1.2077907832673005,-0.006819567857817713,73
2022-03-03,1.1960678377016603,-0.009706106163459495,73
2022-03-04,1.182782886629548,-0.011107188617027178,73
2022-03-07,1.1493228337016634,-0.028289260274328223,73
2022-03-08,1.1193582662273516,-0.02607149757723327,73
2022-03-09,1.1071231273674833,-0.010930494042006238,73
2022-03-10,1.1267261342100197,0.017706257197560776,73
2022-03-11,1.130553292790357,0.0033967070294509726,73
2022-03-14,1.096632854485558,-0.030003396143386592,73
2022-03-15,1.033830565131589,-0.057268290929902724,73
2022-03-16,1.0728711678311253,0.03776305713554408,73
2022-03-17,1.095053420549677,0.02067559776389025,73
2022-03-18,1.0995676478939438,0.00412238093553548,74
2022-03-21,1.1063432829075628,0.006162090187535768,74
2022-03-22,1.102612710702252,-0.0033719843225391566,74
2022-03-23,1.11611646195665,0.012247048418113651,74
2022-03-24,1.1083886759545554,-0.006923816882466886,74
2022-03-25,1.0871472459436973,-0.019164243077966096,74
2022-03-28,1.0809841941832137,-0.0056690128991072185,74
2022-03-29,1.075857865829712,-0.004742278731813693,74
2022-03-30,1.1025201754067937,0.024782371746215233,74
2022-03-31,1.0883647934983889,-0.012839113717970597,74
2022-04-01,1.0937497369142053,0.0049477376041425075,74
2022-04-06,1.0866572627348197,-0.006484549380917731,74
2022-04-07,1.0700629468564509,-0.01527097498672699,74
2022-04-08,1.0737295583561937,0.003426538140129207,74
2022-04-11,1.033899846889366,-0.03709473317266585,74
2022-04-12,1.0541575426015903,0.019593479748713033,74
2022-04-13,1.0397323404297112,-0.013684104689208693,74
2022-04-14,1.0538527753980507,0.013580836547321208,74
2022-04-15,1.0468305218300082,-0.006663410423139957,74
2022-04-18,1.0524587290792504,0.005376426395557593,74
2022-04-19,1.0496838925908862,-0.002636527601221635,74
2022-04-20,1.0283092925065804,-0.02036289232899244,74
2022-04-21,0.9966598610973828,-0.030778124480475892,74
2022-04-22,0.9974199784510499,0.0007626647599013644,75
2022-04-25,0.9298297035395338,-0.06776511035650304,75
2022-04-26,0.9025101850875991,-0.02938120641655023,75
2022-04-27,0.953064195401556,0.05601489174224678,75
2022-04-28,0.9537059958379516,0.0006734073522981795,75
2022-04-29,0.9942299415418149,0.04249102541109427,75
2022-05-05,1.0057439065695544,0.011580786844826057,75
2022-05-06,0.9845775646193047,-0.02104545880118235,75
2022-05-09,0.9865511687402785,0.0020045186807977535,75
2022-05-10,0.992061728900181,0.005585681041702956,75
2022-05-11,1.008945451528139,0.01701882265600121,75
2022-05-12,1.0083721602640399,-0.0005682083835462996,75
2022-05-13,1.0140761874702986,0.005656668669596249,75
2022-05-16,1.0121590535259783,-0.0018905225938720734,75
2022-05-17,1.0229527878573093,0.010664069341403895,75
2022-05-18,1.0239128410794718,0.0009385117608151209,75
2022-05-19,1.0249106047614989,0.0009744615381276948,75
2022-05-20,1.049020073326872,0.02352348434426001,75
2022-05-23,1.0503191585926508,0.0012383797973080134,75
2022-05-24,1.0119796936782217,-0.03650268073354116,75
2022-05-25,1.025828596512167,0.01368496119088036,75
2022-05-26,1.0383983954680192,0.012253313076462909,75
2022-05-27,1.0434312728632429,0.004846769233455403,74
2022-05-30,1.0554033937441234,0.01147379917800265,74
2022-05-31,1.076355637127631,0.01985235551420572,74
2022-06-01,1.0781544451786451,0.0016712023321721974,74
2022-06-02,1.0857464821001797,0.007041696999427963,74
2022-06-06,1.1134964219990084,0.025558397246797294,74
2022-06-07,1.1171413196567712,0.003273380664501215,74
2022-06-08,1.1271020273756784,0.008916246802121367,74
2022-06-09,1.1116615364375733,-0.013699284149152606,74
2022-06-10,1.1344071169550323,0.020460886494597683,74
2022-06-13,1.1277059931634232,-0.005907159512183118,74
2022-06-14,1.127383759269503,-0.00028574282292868664,75
2022-06-15,1.1350666734754429,0.006814817175402496,75
2022-06-16,1.133189183384771,-0.0016540791255223342,75
2022-06-17,1.1438896363647624,0.009442777196328177,75
2022-06-20,1.1448473708961875,0.0008372613064917382,75
2022-06-21,1.1339198754215678,-0.009544936515044504,75
2022-06-22,1.1136188123152826,-0.017903437047293965,75
2022-06-23,1.1395776327862668,0.023310328618653772,75
2022-06-24,1.1538049483447643,0.01248472692791612,75
2022-06-27,1.1703935386370772,0.014377291687048854,75
2022-06-28,1.1872947117421222,0.014440589893145148,75
2022-06-29,1.1618360617468184,-0.021442570023703946,74
2022-06-30,1.1790990036669409,0.014858328544362618,74
2022-07-01,1.1752575079051797,-0.003257992543301708,75
2022-07-04,1.1875587475035003,0.010466846215045116,75
2022-07-05,1.1827223303543521,-0.004072570859601852,75
2022-07-06,1.156190394884994,-0.02243293695267339,75
2022-07-07,1.1651041904329438,0.007709626016082116,75
2022-07-08,1.1645357572470545,-0.0004878818482989707,75
2022-07-11,1.142448426247768,-0.01896664045035482,75
2022-07-12,1.1285967343014895,-0.012124566525749114,75
2022-07-13,1.1332692097838626,0.004140075316862344,75
2022-07-14,1.1458651211119513,0.011114668270649445,75
2022-07-15,1.128620882970404,-0.015049099430492562,75
2022-07-18,1.150490385027995,0.019377190682519523,75
2022-07-19,1.1517083757721853,0.0010586709459205472,75
2022-07-20,1.168184088633765,0.014305455450502703,75
2022-07-21,1.1580858052420453,-0.008644428125647672,75
2022-07-22,1.1503723340408387,-0.0066605351402216325,75
2022-07-25,1.1411271842382193,-0.008036658679146571,75
2022-07-26,1.1494990265764622,0.007336467357783357,75
2022-07-27,1.150230142035278,0.0006360296458827142,75
2022-07-28,1.1585817118284638,0.007260781549689079,75
2022-07-29,1.141972384281485,-0.014335913796504162,75
2022-08-01,1.1502967360849163,0.007289451056795198,75
2022-08-02,1.1227887208386662,-0.023913842735809845,75
2022-08-03,1.1220094072887552,-0.0006940874408937706,75
2022-08-04,1.1310138487170367,0.008025281579447967,75
2022-08-05,1.1477752714635017,0.014819820964595734,75
2022-08-08,1.1566135287718726,0.007700337799664769,75
2022-08-09,1.1599146394684021,0.0028541173126641604,75
2022-08-10,1.1533985181722897,-0.005617759337100003,75
2022-08-11,1.1765723242566968,0.020091759889833465,75
2022-08-12,1.1746786797048618,-0.001609458690124518,75
2022-08-15,1.1774280076384223,0.002340493601408748,75
2022-08-16,1.1746599011376855,-0.0023509772850476432,75
2022-08-17,1.1779682224710795,0.002816407821693625,75
2022-08-18,1.1697996731883649,-0.006934439424502479,75
2022-08-19,1.1564425566162577,-0.011418293985072998,75
2022-08-22,1.165022735392402,0.007419459554696782,76
2022-08-23,1.1637312916750229,-0.0011085137466818088,77
2022-08-24,1.1341900109803749,-0.025384967222225014,77
2022-08-25,1.1431653613956212,0.007913445126789695,77
2022-08-26,1.1349523886390207,-0.00718441358875135,77
2022-08-29,1.137465101228942,0.0022139365625146734,77
2022-08-30,1.1286621535201087,-0.0077390925658487875,77
2022-08-31,1.1161210483772095,-0.011111478402802391,77
2022-09-01,1.1110195506437521,-0.0045707387571220235,77
2022-09-02,1.1150523664481067,0.0036298333382320095,77
2022-09-05,1.1164659972790898,0.001267770800295534,77
2022-09-06,1.1314419835760134,0.013413741514225504,77
2022-09-07,1.1340980591092318,0.0023475136788044023,77
2022-09-08,1.127155347149244,-0.00612179158955703,77
2022-09-09,1.1397678530488533,0.011189678451606821,77
2022-09-13,1.1416903881858893,0.0016867778222497834,77
2022-09-14,1.1318949604711135,-0.008579758414486155,78
2022-09-15,1.111568228454455,-0.017958143402456883,78
2022-09-16,1.0871493092625926,-0.021967989518569733,78
2022-09-19,1.0796662775440222,-0.006883168351223013,78
2022-09-20,1.0840454663306893,0.004056057763171674,78
2022-09-21,1.0778356432468603,-0.005728378815003252,78
2022-09-22,1.074978373685873,-0.002650932522866198,78
2022-09-23,1.0657559030479455,-0.00857921504625757,78
2022-09-26,1.0486141121151153,-0.0160841623150354,78
2022-09-27,1.0714815996585454,0.02180734292933086,78
2022-09-28,1.043663526630904,-0.025962249875785534,78
2022-09-29,1.0500949644394038,0.006162367127326395,78
2022-09-30,1.0387048314592349,-0.010846764688800773,78
2022-10-10,1.017743544695979,-0.02018021494499882,78
2022-10-11,1.0214236590056742,0.0036159544601135603,79
2022-10-12,1.043765350451558,0.02187308982800817,79
2022-10-13,1.046397660749956,0.0025219368484106163,79
2022-10-14,1.0785797313152767,0.030755105608947463,79
2022-10-17,1.092097914050201,0.012533317975889998,79
2022-10-18,1.0913697229929835,-0.0006667818405741661,79
2022-10-19,1.075245497482968,-0.01477430165993294,79
2022-10-20,1.0743326578873968,-0.0008489592355493564,79
2022-10-21,1.0727506631425625,-0.0014725371450079307,79
2022-10-24,1.0541867962745664,-0.01730492229537709,79
2022-10-25,1.0527059148389577,-0.001404761889299005,79
2022-10-26,1.068617758704258,0.015115184251372368,79
2022-10-27,1.0706195937684724,0.0018732938395497338,79
2022-10-28,1.0396642019911218,-0.02891353003207298,79
2022-10-31,1.0340882082645084,-0.005363264134645026,79
2022-11-01,1.0695769533969128,0.034318876135300526,79
2022-11-02,1.0818837254260063,0.011506205317913824,79
2022-11-03,1.0826468526535606,0.0007053689870913785,79
2022-11-04,1.1079146199936403,0.023338882183187044,79
2022-11-07,1.111662564682032,0.003382882237273144,79
2022-11-08,1.1048984275297264,-0.006084703548724899,79
2022-11-09,1.0944283336590135,-0.009476069120780226,79
2022-11-10,1.0810718927521505,-0.012204034285377066,79
2022-11-11,1.1034664424785552,0.020715134559084195,79
2022-11-14,1.101332724808897,-0.0019336498034915244,79
2022-11-15,1.12106119394551,0.017913268798978192,79
2022-11-16,1.1181127157265172,-0.0026300778538374922,79
2022-11-17,1.1148491219712147,-0.002918841463297197,79
2022-11-18,1.1091793030765271,-0.005085727550883742,79
2022-11-21,1.1055966358964213,-0.003230016256315409,79
2022-11-22,1.1001413562929716,-0.004934240414929278,79
2022-11-23,1.0979406213827008,-0.002000411035983901,79
2022-11-24,1.0940341664898359,-0.0035579837532064193,79
2022-11-25,1.0911645264857843,-0.0026229893836486814,79
2022-11-28,1.078521292418813,-0.011586918159528338,79
2022-11-29,1.1015068882146415,0.02131213909025245,79
2022-11-30,1.0999984754617547,-0.001369408370502099,79
2022-12-01,1.1168270291960212,0.015298706416117877,79
2022-12-02,1.1113668453073948,-0.004889014812398549,79
2022-12-05,1.1267389503518126,0.013831711022624434,79
2022-12-06,1.133731135051079,0.006205682955296088,79
2022-12-07,1.1316543470588123,-0.0018318170226251794,79
2022-12-08,1.1283688643430112,-0.0029032563912648607,79
2022-12-09,1.1355042884727937,0.006323662727025751,79
2022-12-12,1.1286977339181457,-0.005994301055262972,79
2022-12-13,1.120668319435989,-0.007113874902790383,79
2022-12-14,1.1221966485076507,0.0013637657504504865,79
2022-12-15,1.118094352045798,-0.003655595004055777,79
2022-12-16,1.1104148736157424,-0.006868363493657096,79
2022-12-19,1.0892335173554595,-0.019075173400111386,79
2022-12-20,1.0742559994346044,-0.013750511421296312,79
2022-12-21,1.0699702213272895,-0.0039895314613745715,78
2022-12-22,1.0661879706557016,-0.0035349120902599443,78
2022-12-23,1.065439483116666,-0.0007020221195849697,79
2022-12-26,1.0780178707708883,0.01180582084064268,79
2022-12-27,1.0891092606807862,0.01028868835167502,79
2022-12-28,1.0802379650809384,-0.00814545970741485,79
2022-12-29,1.0831332231462418,0.002680203954030226,79
2022-12-30,1.0849781301386228,0.001703305699572139,79
2023-01-03,1.1017442277429619,0.015452935998071288,79
2023-01-04,1.1014603062656207,-0.0002577018060923368,79
2023-01-05,1.1172033681158735,0.014292899853675111,79
2023-01-06,1.119772589121364,0.0022996896346841626,79
2023-01-09,1.1299841120776175,0.009119282839621946,80
2023-01-10,1.1322189093659107,0.0019777245223246143,80
2023-01-11,1.1279802351586097,-0.003743687878941064,80
2023-01-12,1.1258299891232364,-0.0019062798871391472,79
2023-01-13,1.1395178355325055,0.012158004797801563,79
2023-01-16,1.1635213539687062,0.021064627237698072,79
2023-01-17,1.1645759147646682,0.0009063527647041107,79
2023-01-18,1.1652355168094788,0.0005663881902831689,79
2023-01-19,1.1760639700986204,0.009292931028047468,79
2023-01-20,1.1832700169829915,0.006127257587669136,79
2023-01-30,1.1960918528623845,0.010835934060160726,79
2023-01-31,1.193277254636885,-0.0023531622749237337,79
2023-02-01,1.2133409812846756,0.016813968899370268,79
2023-02-02,1.2157375472658276,0.0019751792926456114,79
2023-02-03,1.2156106336055101,-0.00010439231773562291,80
2023-02-06,1.2120470884582613,-0.0029314856655040756,80
2023-02-07,1.221318857972147,0.007649677642210561,80
2023-02-08,1.2192161398523702,-0.001721678254659849,79
2023-02-09,1.2534587203134522,0.028085734220372326,79
2023-02-10,1.2504968294253638,-0.0023629744163796073,79
2023-02-13,1.2743396337088748,0.019066665122587655,79
2023-02-14,1.2799180268449737,0.00437747754879392,79
2023-02-15,1.2824967595361012,0.002014763943503458,79
2023-02-16,1.2569238463921748,-0.01993994367141825,79
2023-02-17,1.2405374990731797,-0.013036865651033727,79
2023-02-20,1.2681039561465886,0.022221381533411272,80
2023-02-21,1.2771655588942925,0.007145788563927916,80
2023-02-22,1.2729712879927464,-0.003284046357449044,80
2023-02-23,1.266094735829739,-0.005401969571403582,80
2023-02-24,1.2660999777055018,4.140192368239093e-06,80
2023-02-27,1.2563114758572702,-0.00773122345833291,80
2023-02-28,1.2644761106124571,0.006498893715521837,80
2023-03-01,1.2818386125486825,0.013730984548071706,80
2023-03-02,1.2843476680945352,0.0019573880216198435,80
2023-03-03,1.2874358565571367,0.002404480141411418,80
2023-03-06,1.2818972407687697,-0.0043020518343945685,80
2023-03-07,1.257078669624789,-0.019360811736435703,80
2023-03-08,1.2611457917699203,0.003235375989909395,80
2023-03-09,1.259306384714854,-0.001458520550970324,80
2023-03-10,1.24296458892495,-0.012976822787731889,80
2023-03-13,1.262042917311229,0.015349052222621989,80
2023-03-14,1.2610796430014837,-0.0007632658894023189,80
2023-03-15,1.2559392071591744,-0.0040762182395352965,80
2023-03-16,1.2365928942288258,-0.015403860967210425,80
2023-03-17,1.2603138506471703,0.019182510694546167,80
2023-03-20,1.2617932009119963,0.001173795133701408,80
2023-03-21,1.2812365009336335,0.015409260414134384,80
2023-03-22,1.294785240916646,0.010574737742126162,80
2023-03-23,1.3126427066050448,0.013791835992628773,80
2023-03-24,1.3207056015479444,0.0061424901858884,80
2023-03-27,1.3278688917688413,0.00542383572273864,80
2023-03-28,1.3131394188914705,-0.011092565665688356,80
2023-03-29,1.3186200185842114,0.004173661694938389,80
2023-03-30,1.332137708461766,0.01025139136903778,80
2023-03-31,1.3450749553252632,0.00971164375973995,80
2023-04-03,1.371746156813411,0.019828784546581962,80
2023-04-04,1.3710986847289335,-0.00047200575796155496,80
2023-04-06,1.37137901875624,0.00020445940939833597,80
2023-04-07,1.3844978680693163,0.009566173270591513,80
2023-04-10,1.3723234884955047,-0.008793353788827892,80
2023-04-11,1.3731962475362107,0.0006359718011260645,80
2023-04-12,1.3790145419855082,0.004237045112624298,80
2023-04-13,1.367866700378259,-0.008083918818722993,80
2023-04-14,1.3752822203901096,0.005421230014445092,80
2023-04-17,1.3884391232967868,0.009566693084234908,80
2023-04-18,1.4025284283205626,0.010147585722247068,80
2023-04-19,1.3981145107428827,-0.0031471145172900865,80
2023-04-20,1.406395214170924,0.0059227648124769595,80
2023-04-21,1.3777125943686739,-0.0203944236394168,80
2023-04-24,1.3616954810745745,-0.011625874191444991,80
2023-04-25,1.3478882114035056,-0.010139763157745686,80
2023-04-26,1.346808671267335,-0.0008009122173762761,80
2023-04-27,1.3434272813928985,-0.0025106683277104427,80
2023-04-28,1.3721408765697607,0.021373389966512585,80
2023-05-04,1.3623777592584985,-0.007115244125420336,80
2023-05-05,1.3421231882553617,-0.014867074029570621,80
2023-05-08,1.3606158941785562,0.013778694895535811,80
2023-05-09,1.347074266974019,-0.009952571671752073,80
2023-05-10,1.3386322386275689,-0.006266936095078027,80
2023-05-11,1.3320813592655272,-0.004893711038035346,80
2023-05-12,1.3210056365513367,-0.008314599282657329,80
2023-05-15,1.348381448453893,0.02072346335631421,80
2023-05-16,1.335975137685847,-0.009200891025511847,80
2023-05-17,1.345213333394052,0.0069149458306589345,80
2023-05-18,1.3581819893730136,0.009640594288670184,80
2023-05-19,1.3534021523465412,-0.0035192905397597478,80
2023-05-22,1.3501213171881803,-0.002424139161203752,80
2023-05-23,1.3360895508496422,-0.010392967031852576,80
2023-05-24,1.327295178433812,-0.0065821728867183574,80
2023-05-25,1.326517900197189,-0.0005856106834804725,80
2023-05-26,1.3284045186911826,0.001422233724635992,80
2023-05-29,1.3241221463346327,-0.003223696017511997,80
2023-05-30,1.3321489752340274,0.006062000338574807,80
2023-05-31,1.3215682691985224,-0.007942584674995758,80
2023-06-01,1.3310440645230004,0.007170114132828395,80
2023-06-02,1.349471141011811,0.01384407697683104,80
2023-06-05,1.3490599576420716,-0.00030469963917186953,80
2023-06-06,1.330654100458166,-0.01364346860911661,80
2023-06-07,1.3243825700265364,-0.004713118480204689,80
2023-06-08,1.3259644769806025,0.0011944486358155342,80
2023-06-09,1.342144114886062,0.012202165432291693,80
2023-06-12,1.3570388446153643,0.01109771265551972,80
2023-06-13,1.3666378817593245,0.0070735168577147805,80
2023-06-14,1.3766839662744919,0.007350948374294045,80
2023-06-15,1.3945155277893218,0.012952545356567698,80
2023-06-16,1.4173463580931194,0.016371872416501898,80
2023-06-19,1.4212221684081168,0.002734554114360449,80
2023-06-20,1.4287521613018714,0.005298251787184687,80
2023-06-21,1.3969780134466796,-0.022239089966617793,80
2023-06-26,1.3680264639969257,-0.02072441310534538,80
2023-06-27,1.3816636651838226,0.00996852147658982,80
2023-06-28,1.3777213113711186,-0.002853338270410043,80
2023-06-29,1.3770278702213874,-0.0005033246883877115,80
2023-06-30,1.3926439816140712,0.011340446864138624,80
2023-07-03,1.4077813692636192,0.010869531516593218,80
2023-07-04,1.4152193828915782,0.005283500542310604,80
2023-07-05,1.4055242575045306,-0.006850616592911934,80
2023-07-06,1.3974256361352932,-0.005761993310322717,80
2023-07-07,1.390298926623369,-0.005099884621863464,80
2023-07-10,1.3944251745820582,0.0029678854523109478,80
2023-07-11,1.404622058581017,0.007312607506541275,80
2023-07-12,1.3903063037170544,-0.010191890962060475,80
2023-07-13,1.4167604679033987,0.01902757983303231,80
2023-07-14,1.4215465359442532,0.003378177291985901,80
2023-07-17,1.4096187555572322,-0.008390706941646533,80
2023-07-18,1.4042090961995952,-0.0038376754965198322,80
2023-07-19,1.4038162312392022,-0.00027977668102027313,80
2023-07-20,1.3853021074130374,-0.01318842410720782,80
2023-07-21,1.376910454720208,-0.0060576336727735354,80
2023-07-24,1.372897857468487,-0.0029142034893883868,80
2023-07-25,1.4035665728160867,0.02233867230600133,80
2023-07-26,1.3974019895190368,-0.004392084719345701,80
2023-07-27,1.3917819010643928,-0.004021812260749944,80
2023-07-28,1.4054783346703812,0.009840933838494343,80
2023-07-31,1.412298347568748,0.004852449682168955,80
2023-08-01,1.407068458452071,-0.0037031050313697357,80
2023-08-02,1.3976641655857571,-0.006683607190413175,80
2023-08-03,1.4009404596074861,0.0023441210717139753,80
2023-08-04,1.4081072933332286,0.005115730419942549,80
2023-08-07,1.4000629637144577,-0.005712866950449843,80
2023-08-08,1.3969277221083074,-0.0022393575770566,80
2023-08-09,1.3888850970976487,-0.005757366600557187,80
2023-08-10,1.388709642877512,-0.00012632738338333587,80
2023-08-11,1.3594482536551717,-0.021070919592455977,80
2023-08-14,1.3608728389990823,0.0010479143579612189,80
2023-08-15,1.350174059371883,-0.00786170413619862,80
2023-08-16,1.3337012946859992,-0.012200474873252213,80
2023-08-17,1.3443501405941491,0.007984430959600239,80
2023-08-18,1.3212120458314527,-0.017211360391921633,80
2023-08-21,1.3059648871481742,-0.011540281313196425,80
2023-08-22,1.3199058095631908,0.010674806460883823,80
2023-08-23,1.2865790293552846,-0.025249362466959146,80
2023-08-24,1.301877120833282,0.011890518288381762,80
2023-08-25,1.2787579589977416,-0.01775832869752143,80
2023-08-28,1.2907913361860404,0.009410207071344757,80
2023-08-29,1.3228367396983034,0.024826168733785507,80
2023-08-30,1.3375077707947176,0.011090583332120265,80
2023-08-31,1.3312432445000524,-0.004683730765125184,80
2023-09-01,1.3370380409970872,0.0043529208662471145,80
2023-09-04,1.3554052787229192,0.013737258898134787,80
2023-09-05,1.3476804020327433,-0.005699311350959327,80
2023-09-06,1.3507622988024923,0.0022868157503074097,80
2023-09-07,1.325613390830983,-0.01861830759846096,80
2023-09-08,1.3224219955619503,-0.0024074856901017696,80
2023-09-11,1.3362872990313746,0.010484779832728258,80
2023-09-12,1.3325702742267491,-0.0027816060268774216,80
2023-09-13,1.3200629213188393,-0.009385886170369208,80
2023-09-14,1.3189898370799626,-0.0008129038559803001,80
2023-09-15,1.315144817074665,-0.0029151248153738013,80
2023-09-18,1.3174722549670426,0.0017697198530232897,80
2023-09-19,1.3098483463634927,-0.005786769759140517,80
2023-09-20,1.304454777444415,-0.00411770487327912,80
2023-09-21,1.2927916879185513,-0.008940968845783461,80
2023-09-22,1.3240767850200408,0.024199642830207084,80
2023-09-25,1.31527967391791,-0.0066439584181648735,80
2023-09-26,1.3123255759849335,-0.0022459846309165823,80
2023-09-27,1.3175549954349406,0.003984849145443554,80
2023-09-28,1.3171665720947727,-0.00029480616863340747,80
2023-10-09,1.3140674224942874,-0.0023528911727212164,80
2023-10-10,1.3079568579682694,-0.004650114919080328,80
2023-10-11,1.3145492916446406,0.0050402531522420625,80
2023-10-12,1.322821052985144,0.0062924695126149194,80
2023-10-13,1.3042644697898482,-0.01402803739282803,80
2023-10-16,1.2886927677417526,-0.01193906788751567,80
2023-10-17,1.2942713048641765,0.004328834041801401,80
2023-10-18,1.2775192900702224,-0.01294320188587667,80
2023-10-19,1.2598803310431679,-0.013807195839747377,80
2023-10-20,1.2446952421379704,-0.01205280258056263,80
2023-10-23,1.2203606900245676,-0.019550610695357296,80
2023-10-24,1.2255407081360912,0.004244661561017107,80
2023-10-25,1.2321507125795765,0.005393541315766154,80
2023-10-26,1.2392799498452813,0.005786010747645706,80
2023-10-27,1.2617384034657921,0.01812217943436804,80
2023-10-30,1.2772499901841372,0.012293821505105398,80
2023-10-31,1.2698641280661873,-0.00578262843978178,80
2023-11-01,1.2630077067929188,-0.005399334560075767,80
2023-11-02,1.2529065016119336,-0.007997738356351492,80
2023-11-03,1.2683668207091219,0.012339563309231584,80
2023-11-06,1.2890085084324638,0.016274225552353493,80
2023-11-07,1.2977030550451831,0.006745142918639641,80
2023-11-08,1.2977081760104718,3.946176491266551e-06,80
2023-11-09,1.2976967462385813,-8.807659612188046e-06,80
2023-11-10,1.2932469795292971,-0.003428972695032237,80
2023-11-13,1.3002806795317958,0.005438790976383065,80
2023-11-14,1.303508420567126,0.002482341763696991,80
2023-11-15,1.3101746082427146,0.005114034992338967,80
2023-11-16,1.296753711025617,-0.010243594351976117,80
2023-11-17,1.301756012086102,0.003857556772695464,80
2023-11-20,1.3104394599754658,0.0066705648437518205,80
2023-11-21,1.3094950857639849,-0.0007206545897958966,80
2023-11-22,1.2958773106205885,-0.010399256393888433,80
2023-11-23,1.303608272637048,0.005965813239493524,80
2023-11-24,1.2876667950753393,-0.012228733045288978,80
2023-11-27,1.2841761920655674,-0.0027107967861885033,80
2023-11-28,1.2905979741028712,0.00500070167706076,80
2023-11-29,1.2853480541410978,-0.004067819775885587,80
2023-11-30,1.2909427089731784,0.004352638037655354,80
2023-12-01,1.298594981769843,0.005927662586011397,80
2023-12-04,1.293332172932916,-0.004052694574373264,80
2023-12-05,1.2666529145537502,-0.020628311069278198,80
2023-12-06,1.2685825861813993,0.0015234415090964084,80
2023-12-07,1.266194987435776,-0.001882099574463017,80
2023-12-08,1.2782566762691674,0.009525933172281594,80
2023-12-11,1.2931524627400497,0.011653204514729103,80
2023-12-12,1.2935673423237986,0.0003208280505994171,80
2023-12-13,1.2771075553426825,-0.012724337143165194,80
2023-12-14,1.2683281333697416,-0.006874457782520273,80
2023-12-15,1.2624755907712366,-0.004614375763277892,80
2023-12-18,1.2493456138767016,-0.010400182776218351,80
2023-12-19,1.2522693569414147,0.0023402195775439312,80
2023-12-20,1.2327152261135346,-0.015614955935390657,80
2023-12-21,1.2484556790819823,0.012768928812596652,80
2023-12-22,1.2464799203922148,-0.0015825621388659296,80
2023-12-25,1.2550956271847054,0.006912030151098945,80
2023-12-26,1.242515240241507,-0.010023448947406059,80
2023-12-27,1.243495408562785,0.0007888581882403989,80
2023-12-28,1.2681359042588836,0.019815509994184483,80
2023-12-29,1.2787206172732257,0.008346670872415788,80
2024-01-02,1.268189680640088,-0.008235525798898939,80
2024-01-03,1.259581638783465,-0.00678766117405893,80
2024-01-04,1.2504839070632634,-0.007222820212740245,80
2024-01-05,1.2314198742057005,-0.015245324429911666,80
2024-01-08,1.2124286454852553,-0.015422220412590615,80
2024-01-09,1.2135708532872167,0.0009420824938562889,80
2024-01-10,1.2067298030546607,-0.005637124700239518,80
2024-01-11,1.219085539950663,0.010239025227292448,80
2024-01-12,1.2125542758002352,-0.005357510967353441,80
2024-01-15,1.208258605802409,-0.0035426620346469496,80
2024-01-16,1.2089265658237813,0.0005528286892926407,80
2024-01-17,1.1787314368614357,-0.024976809854261196,80
2024-01-18,1.1961834611989721,0.01480576812645748,80
2024-01-19,1.1912400317634224,-0.004132668270295975,80
2024-01-22,1.1542582858953705,-0.031044747390923978,80
2024-01-23,1.1733702400102846,0.016557779440230496,80
2024-01-24,1.1888623567930898,0.013203093324294146,80
2024-01-25,1.220181294677125,0.02634361976815964,80
2024-01-26,1.2084236967289916,-0.009635943444981792,80
2024-01-29,1.1800230709469606,-0.023502208587027063,80
2024-01-30,1.1520938106885585,-0.02366840186945588,80
2024-01-31,1.1282184930339463,-0.020723414563214127,80
2024-02-01,1.137995972969963,0.008666300008718528,80
2024-02-02,1.1129929575390323,-0.021971093066065372,80
2024-02-05,1.1003075101588928,-0.011397598964317347,80
2024-02-06,1.1678097946745558,0.06134856291757503,80
2024-02-07,1.198812736749733,0.026547938043127006,80
2024-02-08,1.219008586806293,0.01684654278141559,80
2024-02-19,1.252885149199112,0.027790257393980063,80
2024-02-20,1.252378478801036,-0.0004044029082790987,80
2024-02-21,1.2545332080279623,0.0017205096250050927,80
2024-02-22,1.2752327949305078,0.01649983178610606,80
2024-02-23,1.2795771188744824,0.0034066908891026023,80
2024-02-26,1.279535190186992,-3.276761273065115e-05,80
2024-02-27,1.3084299941328332,0.02258226594113331,80
2024-02-28,1.2746290906032833,-0.025833176922814133,80
2024-02-29,1.3118316423538576,0.029186962721026898,80
2024-03-01,1.3325108319163605,0.01576360021732497,80
2024-03-04,1.3466577830346345,0.010616762565395786,80
2024-03-05,1.3536661747171366,0.005204285580787298,80
2024-03-06,1.3479348951755914,-0.004233894329776512,80
2024-03-07,1.334221273310301,-0.010173801356707146,80
2024-03-08,1.3492634931308485,0.01127415678452379,80
2024-03-11,1.3725536555963593,0.01726138933135151,80
2024-03-12,1.3710114741160233,-0.0011235855691673943,80
2024-03-13,1.3725177861880333,0.001098686699891617,80
2024-03-14,1.3682541047640713,-0.0031064671561043785,80
2024-03-15,1.3815578505510644,0.009723154303481623,80
2024-03-18,1.404626860191998,0.016697823860022918,80
2024-03-19,1.3943178145840411,-0.007339348192834487,80
2024-03-20,1.4019900857790628,0.005502526837692698,80
2024-03-21,1.3997040507259635,-0.0016305643501245235,80
2024-03-22,1.395912725152211,-0.002708662285992587,80
2024-03-25,1.3835611649398145,-0.0088483756826915,80
2024-03-26,1.377902962859659,-0.004089593018030082,80
2024-03-27,1.3471219139639332,-0.02233905414634123,80
2024-03-28,1.3689675092338385,0.01621649461972169,80
2024-03-29,1.3805783592857201,0.008481465026426906,80
2024-04-01,1.4062540997243898,0.01859781465208089,80
2024-04-02,1.3985158618367157,-0.005502730899906817,80
2024-04-03,1.3883616114872535,-0.007260733057490273,80
2024-04-08,1.3724074250522458,-0.011491376816387941,80
2024-04-09,1.3765933656928504,0.003050071403136764,80
2024-04-10,1.3597249486829903,-0.012253739869921527,80
2024-04-11,1.3655528079138772,0.0042860574386988,80
2024-04-12,1.3646826409593642,-0.0006372268794512789,80
2024-04-15,1.3801674638872135,0.011346830730523222,80
2024-04-16,1.3485259493617443,-0.022925851647271355,80
2024-04-17,1.385432144583322,0.027367805001487094,80
2024-04-18,1.3846538068087668,-0.0005618014405095184,80
2024-04-19,1.3771989213470504,-0.005383934543824865,80
2024-04-22,1.3693621562250236,-0.005690365422564828,80
2024-04-23,1.3629930624880227,-0.004651139005154681,80
2024-04-24,1.3851659662071392,0.016267803798386053,80
2024-04-25,1.38450255755776,-0.00047893802299779354,80
2024-04-26,1.4228071676580336,0.027666695082053126,80
2024-04-29,1.450616187688446,0.01954517847712739,80
2024-04-30,1.4456932349222742,-0.0033936976630713337,80
2024-05-06,1.4702530852228999,0.0169882861089448,80
2024-05-07,1.477567023740627,0.004974611916300412,80
2024-05-08,1.460257529162941,-0.011714862540627808,80
2024-05-09,1.4848730821019778,0.016856994363964636,80
2024-05-10,1.4819766082504586,-0.001950654157875234,80
2024-05-13,1.4725485778177319,-0.006361794363176282,80
2024-05-14,1.4701461296581813,-0.0016314899187305498,80
2024-05-15,1.4573116319441397,-0.008730082986393769,80
2024-05-16,1.454215892898257,-0.0021242807495832684,80
2024-05-17,1.468436080317697,0.009778594422523589,80
2024-05-20,1.4820824157768915,0.009293108254492023,80
2024-05-21,1.4693944596547965,-0.008560897819871797,80
2024-05-22,1.464880283298663,-0.0030721337803289368,80
2024-05-23,1.4406466543710994,-0.016543078095770103,80
2024-05-24,1.4205817065035073,-0.013927737107994304,80
2024-05-27,1.440132051711566,0.013762211014372699,80
2024-05-28,1.4271217289509097,-0.009034117909669485,80
2024-05-29,1.4312841366415436,0.0029166451650159157,80
2024-05-30,1.4272067094270724,-0.0028487894961504888,80
2024-05-31,1.4237980588640138,-0.0023883369805814637,80
2024-06-03,1.4250433281999286,0.0008746109240439393,80
2024-06-04,1.4393059943499449,0.010008584207774595,80
2024-06-05,1.432190643513086,-0.004943598418119924,80
2024-06-06,1.4286120328375784,-0.002498697147419811,80
2024-06-07,1.4195018675580178,-0.006376934444172096,80
2024-06-11,1.4223568172410572,0.0020112334814682705,80
2024-06-12,1.4295652351975918,0.005067939260499132,80
2024-06-13,1.4257053675734217,-0.002700029022205891,80
2024-06-14,1.4335760618928086,0.005520561609993251,80
2024-06-17,1.4367533586321917,0.002216343327599915,80
2024-06-18,1.4427960078043804,0.004205766519273457,80
2024-06-19,1.4300503637319757,-0.008833989007081386,80
2024-06-20,1.4140898963041435,-0.0111607729578002,80
2024-06-21,1.4120318829564176,-0.001455362458288427,80
2024-06-24,1.392460893885273,-0.013860160884021987,80
2024-06-25,1.381489863985028,-0.007878878285503136,80
2024-06-26,1.4044857292958988,0.01664569962499554,80
2024-06-27,1.3802039196356422,-0.017288754989649824,80
2024-06-28,1.3885819267281954,0.0060701226632980205,80
2024-07-01,1.3999908789849684,0.008216261523477642,80
2024-07-02,1.3877991180598812,-0.00870845739647005,80
2024-07-03,1.3797298830038738,-0.005814411431020303,80
2024-07-04,1.3685168668886425,-0.008126964743866297,80
2024-07-05,1.3781903783834992,0.007068609623241158,80
2024-07-08,1.357054168169993,-0.015336205030176756,80
2024-07-09,1.3772673579693733,0.014894902704317361,80
2024-07-10,1.3712332792295412,-0.004381196363158331,80
2024-07-11,1.392571521752094,0.015561351117836372,80
2024-07-12,1.3881821157093581,-0.0031520147972098913,80
2024-07-15,1.3847582173282915,-0.002466461959364087,80
2024-07-16,1.3928412383816002,0.005837135286262225,80
2024-07-17,1.3836851626823043,-0.006573667871820542,80
2024-07-18,1.3965035776981967,0.009263967961500495,80
2024-07-19,1.401433293785979,0.003530041860621473,80
2024-07-22,1.397314540900525,-0.0029389574970973774,80
2024-07-23,1.3506549664957872,-0.0333923200818243,80
2024-07-24,1.3413449031848852,-0.006892998983342563,80
2024-07-25,1.3297288936829905,-0.008659972147591252,80
2024-07-26,1.3516543588456427,0.016488673192566552,80
2024-07-29,1.3443281769977302,-0.005420159229293818,80
2024-07-30,1.3352421048043717,-0.006758820017929058,80
2024-07-31,1.3797640796595385,0.03334374694669309,80
2024-08-01,1.3694113651589623,-0.007503249760734992,80
2024-08-02,1.3515760378438235,-0.013024083024948738,80
2024-08-05,1.3197373529593188,-0.02355671008735639,80
2024-08-06,1.3338067206027833,0.010660733070800671,80
2024-08-07,1.3368091439656837,0.002251018319613679,80
2024-08-08,1.3323413489951796,-0.003342133759835178,80
2024-08-09,1.3257508174411754,-0.004946578862072211,80
2024-08-12,1.3225979092975781,-0.0023782056945533037,80
2024-08-13,1.3265735326850365,0.0030059199092259416,80
2024-08-14,1.3109103021760962,-0.011807284046469106,80
2024-08-15,1.3201870399769926,0.0070765618253949576,80
2024-08-16,1.3183262204130743,-0.0014095120672829615,80
2024-08-19,1.3204276640235089,0.0015940239812388568,80
2024-08-20,1.3017534608039365,-0.014142541638873097,80
2024-08-21,1.299864740829129,-0.0014509045158527286,80
2024-08-22,1.2899050909384737,-0.007662066350305276,80
2024-08-23,1.2931841850355221,0.0025421204397780466,80
2024-08-26,1.2861082253539553,-0.005471733851564667,80
2024-08-27,1.2739933310762601,-0.00941980934330853,80
2024-08-28,1.2706233828842524,-0.0026451851118881693,80
2024-08-29,1.2805691024409405,0.007827433125078876,80
2024-08-30,1.3085815129511065,0.021874969852677596,80
2024-09-02,1.276462422035791,-0.02454496765958488,80
2024-09-03,1.2868611669589416,0.008146534315178753,79
2024-09-04,1.2754145998087758,-0.008894951098117068,79
2024-09-05,1.2773873292358802,0.0015467358044984442,79
2024-09-06,1.2577258395511126,-0.015391956092541438,79
2024-09-09,1.2463009280573543,-0.00908378530080614,79
2024-09-10,1.2538798020510358,0.006081094720433907,79
2024-09-11,1.2594004014660187,0.004402813894882688,79
2024-09-12,1.2534586393088907,-0.0047179293814832305,79
2024-09-13,1.2484865588001997,-0.003966688929945432,79
2024-09-18,1.2535805639768622,0.004080144187982288,79
2024-09-19,1.2651096549021856,0.009196928587300791,79
2024-09-20,1.2609999193760622,-0.0032485211935571663,80
2024-09-23,1.2610759020410287,6.0255884079717106e-05,80
2024-09-24,1.317450783244219,0.04470379706086578,80
2024-09-25,1.3362074665139487,0.014237103585411573,80
2024-09-26,1.3940516974175121,0.0432898575656625,80
2024-09-27,1.4751710052241929,0.05818959795892427,80
2024-09-30,1.6349935658802115,0.10834171773307673,80
2024-10-08,1.7736170730522296,0.08478535332791301,80
2024-10-09,1.6391083347483106,-0.07583865781830909,80
2024-10-10,1.6477437915563033,0.005268386857003406,80
2024-10-11,1.5839505333968216,-0.038715520268614446,80
2024-10-14,1.6265295946455316,0.026881559967278923,80
2024-10-15,1.5883955158393532,-0.023445056844778017,80
2024-10-16,1.56939044576575,-0.011964948203445732,80
2024-10-17,1.5593416621024014,-0.006402985114673322,80
2024-10-18,1.6287078112430375,0.044484253083517625,80
2024-10-21,1.65544774488616,0.016417882605176612,80
2024-10-22,1.6619537936270625,0.003930084027720266,80
2024-10-23,1.6652080076377547,0.001958065274239794,80
2024-10-24,1.6423667918426934,-0.01371673430003711,80
2024-10-25,1.6622329325298582,0.012096043822753777,80
2024-10-28,1.6843210401459923,0.013288214415603398,79
2024-10-29,1.6554593098455674,-0.017135527973884988,79
2024-10-30,1.6474234479122114,-0.004854158532054552,79
2024-10-31,1.6489409328676985,0.0009211262334587959,79
2024-11-01,1.6445127246321296,-0.002685486270188974,79
2024-11-04,1.6757358108405631,0.01898622354254998,79
2024-11-05,1.7323913703912555,0.03380936254043134,79
2024-11-06,1.7361260087452905,0.0021557705827129118,79
2024-11-07,1.7700551810313074,0.01954303553722895,78
2024-11-08,1.769843778457384,-0.0001194327590397945,78
2024-11-11,1.7852757924832876,0.008719421574798084,79
2024-11-12,1.7635391586714828,-0.012175504705393043,80
2024-11-13,1.7799624472172582,0.009312687197797903,80
2024-11-14,1.736013267137014,-0.024691071516117196,80
2024-11-15,1.699518385947159,-0.021022236339265664,80
2024-11-18,1.6661043414955663,-0.0196608902427206,80
2024-11-19,1.6904589259587721,0.014617682612449065,80
2024-11-20,1.709605495876102,0.01132625562402848,80
2024-11-21,1.7094188647712802,-0.0001091661820648529,80
2024-11-22,1.6596862139743729,-0.029093308738909716,80
2024-11-25,1.6503465266517452,-0.005627381395343689,80
2024-11-26,1.64106772638926,-0.005622334529530699,80
2024-11-27,1.6783246564124947,0.022702859500630564,80
2024-11-28,1.6552600620125892,-0.0137426297777257,80
2024-11-29,1.6849802982446132,0.017955025264058906,80
2024-12-02,1.7093211345020773,0.01444576905903438,80
2024-12-03,1.7012067963066735,-0.0047471116056653235,80
2024-12-04,1.6877178227291427,-0.007929061656005373,80
2024-12-05,1.6917205804615192,0.002371698442991983,80
2024-12-06,1.710501247000696,0.011101518037956962,80
2024-12-09,1.702787130704066,-0.004509857160382829,80
2024-12-10,1.7184400608085322,0.00919253488719642,80
2024-12-11,1.7257079975887726,0.004229380439851239,80
2024-12-12,1.7446681470298049,0.010986881597306156,80
2024-12-13,1.7045002461312004,-0.023023232794722636,80
2024-12-16,1.6890978101393996,-0.009036335445982296,80
2024-12-17,1.6829254400244642,-0.0036542407893038406,80
2024-12-18,1.6924601529379968,0.005665558726947438,80
2024-12-19,1.7003947287666998,0.004688190628848332,80
2024-12-20,1.7023534457052698,0.0011519189664806278,80
2024-12-23,1.6920374463925887,-0.006059845761587464,80
2024-12-24,1.7086321034799028,0.0098074999006043,80
2024-12-25,1.7083334681883229,-0.00017478033508313285,80
2024-12-26,1.7140014871986113,0.003317864524599717,80
2024-12-27,1.7146610079183155,0.0003847842167174806,80
2024-12-30,1.7156706446173386,0.0005888258345881192,80
2024-12-31,1.6836912570799523,-0.018639584256871868,80
2025-01-02,1.6405732083259619,-0.02560923718804036,80
2025-01-03,1.6115466516498074,-0.017692935937783153,80
2025-01-06,1.6084886476019113,-0.0018975585005654868,80
2025-01-07,1.6235036373522789,0.009334843471076482,80
2025-01-08,1.6138387608531886,-0.005953098149414865,80
2025-01-09,1.6165943039202293,0.0017074463285190592,80
2025-01-10,1.5916926032707353,-0.015403803285157825,80
2025-01-13,1.5948301870724773,0.0019712247171939272,80
2025-01-14,1.6486813530013305,0.03376608140814288,80
2025-01-15,1.6337867010919496,-0.009034281780567211,80
2025-01-16,1.6409745853829205,0.004399524299081953,80
2025-01-17,1.6464027947160704,0.0033079179784391843,80
2025-01-20,1.656597796530571,0.006192288938782131,80
2025-01-21,1.6586108369371348,0.0012151654498030698,80
2025-01-22,1.6494718247499198,-0.005510040079137341,80
2025-01-23,1.642144575015847,-0.004442179383805815,80
2025-01-24,1.6631474578176577,0.01278991090148574,80
2025-01-27,1.6520776357171088,-0.006655947461853251,80
2025-02-05,1.6423028796290533,-0.00591664451883502,80
2025-02-06,1.6749576747026547,0.019883540045291213,80
2025-02-07,1.6977259025589135,0.013593315341714846,80
2025-02-10,1.7090593577353705,0.006675668409944395,80
2025-02-11,1.7033530463450004,-0.0033388608561445614,80
2025-02-12,1.7178514739555653,0.008511698524081752,80
2025-02-13,1.704976593324878,-0.0074947577400514675,80
2025-02-14,1.7143190166261368,0.005479502380170605,80
2025-02-17,1.7152419810667887,0.0005383854648407738,80
2025-02-18,1.6855579061095194,-0.017306056687586068,80
2025-02-19,1.6986041708457822,0.007740027612800941,80
2025-02-20,1.705589012609817,0.004112106801525772,80
2025-02-21,1.7333205477460283,0.016259213052608485,80
2025-02-24,1.7350293652161874,0.000985863504809406,80
2025-02-25,1.7140746532862199,-0.012077439350633965,80
2025-02-26,1.7298013161900792,0.009175016311983942,80
2025-02-27,1.72563905282245,-0.002406208926234753,80
2025-02-28,1.6882644980685344,-0.021658384870686536,80
2025-03-03,1.6840640915293186,-0.0024880026465172317,80
2025-03-04,1.6892215286185561,0.0030624945423269713,80
2025-03-05,1.6952540132508216,0.0035711625326009895,80
2025-03-06,1.7253508883951616,0.01775360796027619,80
2025-03-07,1.726479134174237,0.0006539225073948829,80
2025-03-10,1.7301478269446586,0.0021249563332697676,80
2025-03-11,1.73682123604074,0.0038571323167606157,80
2025-03-12,1.7313261804728486,-0.0031638578881141495,80
2025-03-13,1.7260420904255476,-0.0030520476770343917,80
2025-03-14,1.7600628419966813,0.019710267646338868,80
2025-03-17,1.7568199483291025,-0.001842487432948675,80
2025-03-18,1.764941680357011,0.004622973478661263,80
2025-03-19,1.7561785969130426,-0.004965083856026323,80
2025-03-20,1.7468582889087354,-0.005307152712537433,80
2025-03-21,1.7218558283305692,-0.014312815605543611,80
2025-03-24,1.73065184111053,0.00510844905551071,80
2025-03-25,1.7255864252133377,-0.0029268832568552896,80
2025-03-26,1.7237249355455944,-0.0010787577142149381,80
2025-03-27,1.728321888488563,0.002666871522348678,80
2025-03-28,1.7182931316904444,-0.005802597805949819,80
2025-03-31,1.7040573481760415,-0.008284839909938908,80
2025-04-01,1.7145013066336616,0.006128877334321503,80
2025-04-02,1.7077119327885517,-0.003959970061755419,80
2025-04-03,1.6954804782293067,-0.007162481168162866,80
2025-04-07,1.5439081105218826,-0.08939788434822922,80
2025-04-08,1.565037526389857,0.013685669324472804,80
2025-04-09,1.5928924956171329,0.017798275605269483,80
2025-04-10,1.6272109490021867,0.021544739195822258,80
2025-04-11,1.6311604585291053,0.0024271650392595724,80
2025-04-14,1.6442779828167788,0.008041835626338386,80
2025-04-15,1.6442755740907724,-1.4649141031553015e-06,80
2025-04-16,1.6396658038151288,-0.002803526579291707,80
2025-04-17,1.6386622705245977,-0.0006120352624272047,80
2025-04-18,1.6348689147623792,-0.002314910052212546,80
2025-04-21,1.6585430782060118,0.014480771656896851,80
2025-04-22,1.6623229859367201,0.0022790530920648337,80
2025-04-23,1.669140652239542,0.0041012885946349,80
2025-04-24,1.6552818435463317,-0.008302960373420527,80
2025-04-25,1.6632676781800575,0.004824456128036982,80
2025-04-28,1.6566133794877898,-0.004000738293398849,80
2025-04-29,1.6600180061258656,0.002055172727826615,80
2025-04-30,1.6638214933550424,0.0022912325138287337,80
2025-05-06,1.6941605484459081,0.018234561346895488,80
2025-05-07,1.7044242346176057,0.006058272447149569,80
2025-05-08,1.7249737974797277,0.012056600959286626,80
2025-05-09,1.7110464783867303,-0.00807393081178719,80
2025-05-12,1.7415595744553667,0.017833002466073056,80
2025-05-13,1.7368104329704817,-0.002726947475437434,80
2025-05-14,1.7449097413090826,0.004663323172666854,80
2025-05-15,1.7248661726901708,-0.011486879890918764,80
2025-05-16,1.7245972037125996,-0.0001559361426584055,80
2025-05-19,1.7222734169014202,-0.001347437422591577,80
2025-05-20,1.7287503090465393,0.0037606642949711082,80
2025-05-21,1.7363704746558153,0.004407904119756114,80
2025-05-22,1.7276052473335617,-0.00504801679721671,80
2025-05-23,1.7125097502676705,-0.00873781617021004,80
2025-05-26,1.7111333117637284,-0.0008037551340813826,80
2025-05-27,1.695804871479216,-0.00895806316149206,80
2025-05-28,1.6954333993968722,-0.00021905355303030032,80
2025-05-29,1.7188964890551726,0.013838992240359999,80
2025-05-30,1.7093681210238376,-0.005543305307797991,80
2025-06-03,1.7119932389012569,0.0015357241340426154,80
2025-06-04,1.727761390016645,0.00921040501626519,80
2025-06-05,1.7344947589688193,0.0038971636888524607,80
2025-06-06,1.7366454604599082,0.0012399584835687983,80
2025-06-09,1.7516799496479036,0.008657201213662702,80
2025-06-10,1.7367826684909589,-0.008504567949150343,80
2025-06-11,1.7457102403845,0.0051402930576789725,80
2025-06-12,1.749175404868727,0.0019849597052623165,80
2025-06-13,1.742917685823535,-0.0035775251743044426,80
2025-06-16,1.7488198283845269,0.0033863576054099093,80
2025-06-17,1.7468756721179064,-0.0011116961479195441,80
2025-06-18,1.753672688019614,0.0038909557275286473,80
2025-06-19,1.7334271496100253,-0.011544650576985074,80
2025-06-20,1.726245406598262,-0.004143089032255677,80
2025-06-23,1.7363485694660155,0.005852680522210866,80
2025-06-24,1.7488195903066504,0.007182325634345459,80
2025-06-25,1.7756043726189508,0.015315920784947156,80
2025-06-26,1.769764173483969,-0.003289133111543101,80
2025-06-27,1.7782287726900001,0.004782896689205533,80
2025-06-30,1.8056919670590257,0.015444128894327242,80
2025-07-01,1.8059414743787905,0.00013817822990665334,80
2025-07-02,1.7967541269882106,-0.005087289660779507,80
2025-07-03,1.8091122634121268,0.00687803424981222,80
2025-07-04,1.8100359085273232,0.0005105515748672268,80
2025-07-07,1.8081100192121142,-0.0010640061371908385,80
2025-07-08,1.8329026483044946,0.013711902942268683,80
2025-07-09,1.8257425722763172,-0.003906413706587545,80
2025-07-10,1.8248352287653822,-0.0004969723140123422,80
2025-07-11,1.835340291893405,0.005756718723109189,80
2025-07-14,1.8402112156740391,0.0026539622118844767,80
2025-07-15,1.853929224816792,0.007454584031392363,80
2025-07-16,1.849067613513029,-0.0026223284247776577,80
2025-07-17,1.8750982618023428,0.014077715762842474,80
2025-07-18,1.8873401374879673,0.0065286582228803874,80
2025-07-21,1.9037362136793679,0.008687398665310968,80
2025-07-22,1.9280235210819654,0.012757706255772322,80
2025-07-23,1.9208391867197667,-0.003726269043733904,80
2025-07-24,1.9469730258770288,0.013605427949380241,80
2025-07-25,1.9493905560687297,0.0012416865357504857,80
2025-07-28,1.9534035313734945,0.0020585794325678765,80
2025-07-29,1.9745172033263356,0.010808658637979989,80
2025-07-30,1.9737242068387857,-0.00040161538537818176,80
2025-07-31,1.9542205672552564,-0.009881643806136107,80
2025-08-01,1.9376227127146013,-0.008493337353401787,80
2025-08-04,1.9493455455771629,0.006050111193286883,79
2025-08-05,1.9621282277592091,0.006557422418538646,79
2025-08-06,1.9770918745969104,0.007626232896506326,79
2025-08-07,1.9752355886472488,-0.0009388971617923409,79
2025-08-08,1.9735403205331115,-0.0008582612240691733,79
2025-08-11,1.992493193177737,0.009603488941895996,79
2025-08-12,2.0063738919155845,0.006966497444194249,79
2025-08-13,2.036128691593319,0.01483013699372182,78
2025-08-14,2.0197203089947116,-0.008058617643547627,78
2025-08-15,2.0462291944646047,0.013125027931757129,78
2025-08-18,2.0737769984848424,0.013462716735133867,78
2025-08-19,2.0718282428719506,-0.0009397131968942318,79
2025-08-20,2.0960682298484934,0.011699805261338111,80
2025-08-21,2.1011434616943383,0.002421310419943598,80
2025-08-22,2.146604996554219,0.021636568701130548,80
2025-08-25,2.202273739833758,0.025933389407413066,80
2025-08-26,2.1999610451832523,-0.0010501395029485286,80
2025-08-27,2.179373058548736,-0.009358341448633126,80
2025-08-28,2.220609693183436,0.01892132899089787,80
2025-08-29,2.2454642916431897,0.011192691149664629,80
2025-09-01,2.2799794230776556,0.01537104444854408,79
2025-09-02,2.248652076065994,-0.013740188483532187,79
2025-09-03,2.2298033434446887,-0.008382236105765653,79
2025-09-04,2.16354901933333,-0.029713079544049,79
2025-09-05,2.222637941741543,0.027311108683093523,79
2025-09-08,2.244114902316564,0.009662824597600806,79
2025-09-09,2.2229577690549243,-0.009427829760320947,79
2025-09-10,2.230514553301584,0.0033994277137675013,80
2025-09-11,2.2797867463086434,0.02209005672441254,80
2025-09-12,2.279724003322734,-2.752142761231202e-05,80
2025-09-15,2.2768452308724036,-0.001262772355835183,80
2025-09-16,2.281389546183076,0.001995882394224374,80
2025-09-17,2.294449970444957,0.005724767295323112,80
2025-09-18,2.266127189263014,-0.012344039550555203,80
2025-09-19,2.2743650303714684,0.003635206861947174,80
2025-09-22,2.2818523197400125,0.003292035037718427,80
2025-09-23,2.2660333905813586,-0.006932494720103796,80
2025-09-24,2.2992557690463498,0.014661027769086921,80
2025-09-25,2.3237560342395884,0.010655737183776125,80
2025-09-26,2.3028013708992647,-0.00901758318496677,80
2025-09-29,2.326223342284537,0.010171077575885685,80
2025-09-30,2.3542733980126056,0.0120581954527725,80
2025-10-09,2.3915998545537547,0.01585476715349172,80
2025-10-10,2.348464521045141,-0.01803618336340068,80
2025-10-13,2.3386978602345345,-0.0041587431801015,80
2025-10-14,2.2903675500725504,-0.020665478420173918,80
2025-10-15,2.3240095311161695,0.014688463885437713,80
2025-10-16,2.3205489729699176,-0.001489046451797374,80
2025-10-17,2.260987509859779,-0.02566697096416364,80
2025-10-20,2.275276383995131,0.0063197492569246035,80
2025-10-21,2.309228745608001,0.014922302121930858,80
2025-10-22,2.2924217539958622,-0.00727818395821743,80
2025-10-23,2.291743613911219,-0.00029581820337436227,80
2025-10-24,2.3292851511825354,0.016381211686784546,80
2025-10-27,2.3641225714804426,0.014956271146201633,80
2025-10-28,2.3554042024705293,-0.0036877821459375586,80
2025-10-29,2.3967193222853616,0.0175405647028642,80
2025-10-30,2.3715013479770435,-0.010521872158259964,80
2025-10-31,2.3625404709652225,-0.0037785671171830988,80
2025-11-03,2.370295610293789,0.003282542425780276,80
2025-11-04,2.3363806431173604,-0.014308328053742037,80
2025-11-05,2.3370652025883776,0.00029299997542511086,80
2025-11-06,2.373072991521782,0.015407267582233078,80
2025-11-07,2.366721296024538,-0.0026765697978682933,80
2025-11-10,2.385469758427675,0.007921702667157818,80
2025-11-11,2.358199580569973,-0.011431785190886822,79
2025-11-12,2.349314083080622,-0.0037679158127927655,79
2025-11-13,2.3787772576636725,0.012541181613492746,80
2025-11-14,2.3363086075754884,-0.017853142807450085,80
2025-11-17,2.329730751475407,-0.002815491103680666,80
2025-11-18,2.317386619197837,-0.005298523131805082,80
2025-11-19,2.3252001796304804,0.003371712069066725,80
2025-11-20,2.300104466106441,-0.010792926021546904,80
2025-11-21,2.2479710211305726,-0.0226656857304045,80
2025-11-24,2.267493935478426,0.008684682393296308,80
2025-11-25,2.291760742043311,0.010702038133462509,80
2025-11-26,2.29650479120666,0.0020700455664142874,80
2025-11-27,2.2999979713443204,0.0015210854995975297,80
2025-11-28,2.3104671948932696,0.004551840340463541,80
2025-12-01,2.3356352538267813,0.010893060498387536,80
2025-12-02,2.3179763455681437,-0.00756064468101549,80
2025-12-03,2.3053091966973525,-0.005464744666187109,80
2025-12-04,2.313373527892222,0.0034981559985196504,80
2025-12-05,2.3358653056128755,0.009722501554319652,80
2025-12-08,2.349989599486215,0.00604670733342373,80
2025-12-09,2.3399558841437846,-0.00426968499972272,80
2025-12-10,2.349333975771313,0.004007807023661015,80
2025-12-11,2.3248138123594964,-0.010437070107823318,80
2025-12-12,2.348352948262796,0.010125170359087513,80
2025-12-15,2.336036557429485,-0.005244693240180344,80
2025-12-16,2.2986750590879237,-0.015993541805986427,80
2025-12-17,2.3403627667868787,0.018135537484578627,80
2025-12-18,2.3310728057396966,-0.003969453445004367,80
2025-12-19,2.3467039670597694,0.006705565472508916,80
2025-12-22,2.3684404716039755,0.009262567775619188,80
2025-12-23,2.368641853764224,8.502732606652519e-05,80
2025-12-24,2.3832662800582245,0.006174182167202358,80
2025-12-25,2.4061416247466534,0.009598316763777667,80
2025-12-26,2.4113456920055314,0.002162826662136283,80
2025-12-29,2.41138813314263,1.7600602534732778e-05,80
2025-12-30,2.418319627820709,0.0028744832002825264,80
2025-12-31,2.4199018450737384,0.0006542630820289233,80
2026-01-05,2.466440769627429,0.0192317405965996,80
2026-01-06,2.510360561476284,0.017806951778326936,80
2026-01-07,2.515462174592938,0.002032223257066186,80
2026-01-08,2.521606686173991,0.002442696870227147,80
2026-01-09,2.562363162039572,0.016162899665934902,80
2026-01-12,2.607258778958232,0.01752117638271255,80
2026-01-13,2.5878806267132517,-0.007432385462222224,80
2026-01-14,2.604509845446736,0.0064258059517235,80
2026-01-15,2.6125131108186026,0.003072848960758704,79
2026-01-16,2.6026612497470674,-0.003771028375221511,79
2026-01-19,2.628166734576025,0.009799771227022566,79
2026-01-20,2.6135190653905966,-0.005573340912022226,79
2026-01-21,2.619611430143659,0.0023310963496459393,80
2026-01-22,2.6397750312093096,0.007697172501856459,80
2026-01-23,2.641923144109252,0.0008137484727090665,80
2026-01-26,2.6319993743807233,-0.0037562673806979655,80
2026-01-27,2.63392486320761,0.0007315688771165243,80
2026-01-28,2.6475349358690483,0.005167221302153478,80
2026-01-29,2.6649812997126126,0.006589663315561788,80
2026-01-30,2.640167662393858,-0.009310998663079006,80
2026-02-02,2.5664867949913424,-0.027907647098331954,80
2026-02-03,2.6271920694660116,0.023653063243161805,80
2026-02-04,2.6420780978950944,0.005666136329388527,80
2026-02-05,2.6047183940919294,-0.014140272323111491,80
2026-02-06,2.5879348756594474,-0.006443505935440539,79
2026-02-09,2.628032426360229,0.015494033902442977,79
2026-02-10,2.6411774288813095,0.0050018418301198,79
2026-02-11,2.642138195095024,0.00036376435873188446,79
2026-02-12,2.660333346717569,0.006886525336306633,79
2026-02-13,2.6247302361894893,-0.013382950889221607,79
2026-02-24,2.659822432763069,0.013369829817073076,79
2026-02-25,2.6795571269728184,0.007419553262902936,80
2026-02-26,2.6884375841097463,0.0033141510765103688,80
2026-02-27,2.685824317969608,-0.0009720389848675876,80
2026-03-02,2.707389021098451,0.00802908179234347,80
2026-03-03,2.6438600123579357,-0.023465046303076248,80
2026-03-04,2.620993954724892,-0.008648739920481261,80
2026-03-05,2.643732869056639,0.008675683624052546,80
2026-03-06,2.6809404303159434,0.014073873232351455,80
2026-03-09,2.664958181810543,-0.005961433653905076,80
2026-03-10,2.6890510257203126,0.0090406086197575,80
2026-03-11,2.69102479475869,0.0007340020771263347,80
2026-03-12,2.671514458534845,-0.007250151043515176,80
2026-03-13,2.638827409530497,-0.012235400373717117,80
2026-03-16,2.627029242012827,-0.004470988695607544,80
2026-03-17,2.594500233772932,-0.01238243096790603,80
2026-03-18,2.6051685068626607,0.0041118797951368215,80
2026-03-19,2.558006420624634,-0.018103276664749403,80
2026-03-20,2.52734322667651,-0.011987145028602552,80
2026-03-23,2.441451723384678,-0.033984898602308286,80
2026-03-24,2.475835138114645,0.014083184361434038,80
2026-03-25,2.5126782051326386,0.014881066372638035,80
2026-03-26,2.471493980608975,-0.016390568613018658,80
2026-03-27,2.5066337276957356,0.014218018478888431,80
2026-03-30,2.5084005274469723,0.000704849588400637,80
2026-03-31,2.484091703826424,-0.009690965758681915,80
2026-04-01,2.5329867480931987,0.01968326861341623,80
2026-04-02,2.4973598740932976,-0.014065163991371204,80
2026-04-03,2.472286160199845,-0.010040088396373291,80
2026-04-07,2.48497465641589,0.005132292701512669,80
2026-04-08,2.5793323307378846,0.037971282354278844,80
2026-04-09,2.5641901753313854,-0.005870571708054116,80
2026-04-10,2.5960485049785866,0.012424324043392668,80
2026-04-13,2.6001491116318096,0.0015795570249780787,80
2026-04-14,2.6366456381295196,0.014036320584247272,80
2026-04-15,2.6258930646708487,-0.004078126124790504,80
2026-04-16,2.6521534361787276,0.010000548712812881,80
2026-04-17,2.652714612540391,0.00021159272084668028,80
2026-04-20,2.6747096079104025,0.008291504584033391,80
2026-04-21,2.6772473677426154,0.0009487982638219844,80
2026-04-22,2.7005819767316064,0.008715895762992414,80
2026-04-23,2.699023219628915,-0.000577193033250585,80
2026-04-24,2.683505994715763,-0.005749200229290942,80
2026-04-27,2.6941343203556287,0.003960611849123871,80
2026-04-28,2.6814128361798586,-0.004721919051938988,80
2026-04-29,2.7266341013845268,0.016864715717962234,80
2026-04-30,2.7244853005633916,-0.0007880781730281741,80
2026-05-06,2.761820343578808,0.013703521545040526,80
2026-05-07,2.7746596221380604,0.004648846399116428,80
2026-05-08,2.7727544038194427,-0.0006866493833754025,80
2026-05-11,2.8062854153293486,0.01209303336195838,80
2026-05-12,2.798041542398202,-0.002937645930850369,80
2026-05-13,2.828944163968012,0.011044375539657997,80
2026-05-14,2.76617898946242,-0.02218678449190548,80
2026-05-15,2.7562511524836624,-0.003589007441881735,80
2026-05-18,2.738913469712861,-0.0062903131143104765,80
2026-05-19,2.739970537843018,0.0003859443322493272,80
2026-05-20,2.7335955411093624,-0.0023266661614085166,80
2026-05-21,2.695383487108197,-0.013978678786422869,80
2026-05-22,2.711437540498373,0.005956129607145387,80
2026-05-25,2.737775936140899,0.0097138124146813,80
2026-05-26,2.73660112333738,-0.0004291121081204663,80
2026-05-27,2.7151055048741366,-0.00785485991361011,80
2026-05-28,2.7250379420322854,0.0036582140695152186,80
2026-05-29,2.70263237586858,-0.00822211163305688,80
2026-06-01,2.7061730963528126,0.0013101006692020523,80
2026-06-02,2.7131035303451605,0.0025609721719901377,80
2026-06-03,2.7172677089588366,0.0015348395544443894,80
2026-06-04,2.684601679210258,-0.012021645729229749,80
2026-06-05,2.656237099714912,-0.010565656616772365,80
2026-06-08,2.591239227418884,-0.024469906057333506,80
2026-06-11,2.5695115618830875,-0.00838504809046114,80
2026-06-22,2.701671069114695,0.051433707943603635,80
2026-06-24,2.648070938010551,-0.019839621379855114,80
